-- MySQL dump 10.11
--
-- Host: localhost    Database: londonsamyedzong
-- ------------------------------------------------------
-- Server version	5.0.77

/*!40101 SET @OLD_CHARACTER_SET_CLIENT=@@CHARACTER_SET_CLIENT */;
/*!40101 SET @OLD_CHARACTER_SET_RESULTS=@@CHARACTER_SET_RESULTS */;
/*!40101 SET @OLD_COLLATION_CONNECTION=@@COLLATION_CONNECTION */;
/*!40101 SET NAMES utf8 */;
/*!40103 SET @OLD_TIME_ZONE=@@TIME_ZONE */;
/*!40103 SET TIME_ZONE='+00:00' */;
/*!40014 SET @OLD_UNIQUE_CHECKS=@@UNIQUE_CHECKS, UNIQUE_CHECKS=0 */;
/*!40014 SET @OLD_FOREIGN_KEY_CHECKS=@@FOREIGN_KEY_CHECKS, FOREIGN_KEY_CHECKS=0 */;
/*!40101 SET @OLD_SQL_MODE=@@SQL_MODE, SQL_MODE='NO_AUTO_VALUE_ON_ZERO' */;
/*!40111 SET @OLD_SQL_NOTES=@@SQL_NOTES, SQL_NOTES=0 */;

--
-- Table structure for table `DATABASECHANGELOG`
--

DROP TABLE IF EXISTS `DATABASECHANGELOG`;
SET @saved_cs_client     = @@character_set_client;
SET character_set_client = utf8;
CREATE TABLE `DATABASECHANGELOG` (
  `ID` varchar(63) NOT NULL,
  `AUTHOR` varchar(63) NOT NULL,
  `FILENAME` varchar(200) NOT NULL,
  `DATEEXECUTED` datetime NOT NULL,
  `MD5SUM` varchar(32) default NULL,
  `DESCRIPTION` varchar(255) default NULL,
  `COMMENTS` varchar(255) default NULL,
  `TAG` varchar(255) default NULL,
  `LIQUIBASE` varchar(10) default NULL,
  PRIMARY KEY  (`ID`,`AUTHOR`,`FILENAME`)
) ENGINE=MyISAM DEFAULT CHARSET=utf8;
SET character_set_client = @saved_cs_client;

--
-- Dumping data for table `DATABASECHANGELOG`
--

LOCK TABLES `DATABASECHANGELOG` WRITE;
/*!40000 ALTER TABLE `DATABASECHANGELOG` DISABLE KEYS */;
INSERT INTO `DATABASECHANGELOG` VALUES ('Leanne Northrop','v001-schema-1','/Users/northrl/Documents/LSD/dev/lsd/website/main/grails-app/migrations//v001/v001-ddl.xml','2010-03-06 18:09:07','b71cd12a5a55d3b871764bc31aca91c','Create Table','',NULL,'1.9.5'),('Leanne Northrop','v001-schema-2','/Users/northrl/Documents/LSD/dev/lsd/website/main/grails-app/migrations//v001/v001-ddl.xml','2010-03-06 18:09:07','6a769ea2ddab9a6be7675d7a96b6321d','Create Table','',NULL,'1.9.5'),('Leanne Northrop','v001-schema-3','/Users/northrl/Documents/LSD/dev/lsd/website/main/grails-app/migrations//v001/v001-ddl.xml','2010-03-06 18:09:07','a8d51f95506d71d9f2a8d16ea7785e','Create Table','',NULL,'1.9.5'),('Leanne Northrop','v001-schema-4','/Users/northrl/Documents/LSD/dev/lsd/website/main/grails-app/migrations//v001/v001-ddl.xml','2010-03-06 18:09:07','22f9baee652d9e60656e23b1fefca357','Create Table','',NULL,'1.9.5'),('Leanne Northrop','v001-schema-5','/Users/northrl/Documents/LSD/dev/lsd/website/main/grails-app/migrations//v001/v001-ddl.xml','2010-03-06 18:09:07','6ff8e87d767f9fd692d335a27487e9','Create Table','',NULL,'1.9.5'),('Leanne Northrop','v001-schema-6','/Users/northrl/Documents/LSD/dev/lsd/website/main/grails-app/migrations//v001/v001-ddl.xml','2010-03-06 18:09:07','b4b5f670deb68ee889a22682806fb529','Create Table','',NULL,'1.9.5'),('Leanne Northrop','v001-schema-7','/Users/northrl/Documents/LSD/dev/lsd/website/main/grails-app/migrations//v001/v001-ddl.xml','2010-03-06 18:09:07','44389bb71bfcce54b3e888219571378','Create Table','',NULL,'1.9.5'),('Leanne Northrop','v001-schema-51','/Users/northrl/Documents/LSD/dev/lsd/website/main/grails-app/migrations//v001/v001-ddl.xml','2010-03-06 18:09:07','3a1990148b1417e3d2f87fbc5efbc077','Create Table','',NULL,'1.9.5'),('Leanne Northrop','v001-schema-8','/Users/northrl/Documents/LSD/dev/lsd/website/main/grails-app/migrations//v001/v001-ddl.xml','2010-03-06 18:09:07','99ac2425e88af761de6921479ef76ed4','Create Table','',NULL,'1.9.5'),('Leanne Northrop','v001-schema-9','/Users/northrl/Documents/LSD/dev/lsd/website/main/grails-app/migrations//v001/v001-ddl.xml','2010-03-06 18:09:07','e71bd05ec5bb2ef168fbe6f6e5941ff','Create Table','',NULL,'1.9.5'),('Leanne Northrop','v001-schema-10','/Users/northrl/Documents/LSD/dev/lsd/website/main/grails-app/migrations//v001/v001-ddl.xml','2010-03-06 18:09:07','ad52ec56abdb6146e5b35cc9525b16e8','Create Table','',NULL,'1.9.5'),('Leanne Northrop','v001-schema-52','/Users/northrl/Documents/LSD/dev/lsd/website/main/grails-app/migrations//v001/v001-ddl.xml','2010-03-06 18:09:07','1afa409f36a5e48f8963d699a5205f69','Create Table','',NULL,'1.9.5'),('Leanne Northrop','v001-schema-11','/Users/northrl/Documents/LSD/dev/lsd/website/main/grails-app/migrations//v001/v001-ddl.xml','2010-03-06 18:09:07','d343283e8877e9f33292848a5cb89b0','Create Table','',NULL,'1.9.5'),('Leanne Northrop','v001-schema-12','/Users/northrl/Documents/LSD/dev/lsd/website/main/grails-app/migrations//v001/v001-ddl.xml','2010-03-06 18:09:07','cde77e39d7b51cf27ecc72ba6d0e49','Create Table','',NULL,'1.9.5'),('Leanne Northrop','v001-schema-13','/Users/northrl/Documents/LSD/dev/lsd/website/main/grails-app/migrations//v001/v001-ddl.xml','2010-03-06 18:09:07','f86cfe42934d4b07be1702046f43760','Create Table','',NULL,'1.9.5'),('Leanne Northrop','v001-schema-14','/Users/northrl/Documents/LSD/dev/lsd/website/main/grails-app/migrations//v001/v001-ddl.xml','2010-03-06 18:09:07','c3442cd6a133143d2e18bf756d5c8','Create Table','',NULL,'1.9.5'),('Leanne Northrop','v001-schema-15','/Users/northrl/Documents/LSD/dev/lsd/website/main/grails-app/migrations//v001/v001-ddl.xml','2010-03-06 18:09:07','68bde63d581c5dc630c0aaaea7f952de','Create Table','',NULL,'1.9.5'),('Leanne Northrop','v001-schema-16','/Users/northrl/Documents/LSD/dev/lsd/website/main/grails-app/migrations//v001/v001-ddl.xml','2010-03-06 18:09:07','2c84d9eb766e67f19c441a02fdf213d','Create Table','',NULL,'1.9.5'),('Leanne Northrop','v001-schema-17','/Users/northrl/Documents/LSD/dev/lsd/website/main/grails-app/migrations//v001/v001-ddl.xml','2010-03-06 18:09:07','89315f2efadaaba5731e76c93819d29b','Create Table','',NULL,'1.9.5'),('Leanne Northrop','v001-schema-18','/Users/northrl/Documents/LSD/dev/lsd/website/main/grails-app/migrations//v001/v001-ddl.xml','2010-03-06 18:09:07','164754e913a51a9f97f4677697d2934','Create Table','',NULL,'1.9.5'),('Leanne Northrop','v001-schema-19','/Users/northrl/Documents/LSD/dev/lsd/website/main/grails-app/migrations//v001/v001-ddl.xml','2010-03-06 18:09:07','be73d9e83a7e17cb575872dac417983','Create Table','',NULL,'1.9.5'),('Leanne Northrop','v001-schema-20','/Users/northrl/Documents/LSD/dev/lsd/website/main/grails-app/migrations//v001/v001-ddl.xml','2010-03-06 18:09:07','d0d9b338442f3d792589cebedc1b57b5','Create Table','',NULL,'1.9.5'),('Leanne Northrop','v001-schema-53','/Users/northrl/Documents/LSD/dev/lsd/website/main/grails-app/migrations//v001/v001-ddl.xml','2010-03-06 18:09:07','7eaafdb2d14874eb6a1fe9aa7388b61','Create Table','',NULL,'1.9.5'),('Leanne Northrop','v001-schema-21','/Users/northrl/Documents/LSD/dev/lsd/website/main/grails-app/migrations//v001/v001-ddl.xml','2010-03-06 18:09:07','2df2cf799d0d2e196b259eab0d3612b','Create Table','',NULL,'1.9.5'),('Leanne Northrop','v001-schema-22','/Users/northrl/Documents/LSD/dev/lsd/website/main/grails-app/migrations//v001/v001-ddl.xml','2010-03-06 18:09:07','a7f2a0964c95ad74b855d484aa148de','Create Table','',NULL,'1.9.5'),('Leanne Northrop','v001-schema-23','/Users/northrl/Documents/LSD/dev/lsd/website/main/grails-app/migrations//v001/v001-ddl.xml','2010-03-06 18:09:07','7b82f6369d57ec2c1225c247379b68a','Create Table','',NULL,'1.9.5'),('Leanne Northrop','v001-schema-24','/Users/northrl/Documents/LSD/dev/lsd/website/main/grails-app/migrations//v001/v001-ddl.xml','2010-03-06 18:09:07','5e617565c5211a6b174af91156e85ba0','Create Table','',NULL,'1.9.5'),('Leanne Northrop','v001-schema-25','/Users/northrl/Documents/LSD/dev/lsd/website/main/grails-app/migrations//v001/v001-ddl.xml','2010-03-06 18:09:07','a24ee6f4376ea87466b9d1dc73d493','Add Primary Key','',NULL,'1.9.5'),('Leanne Northrop','v001-schema-26','/Users/northrl/Documents/LSD/dev/lsd/website/main/grails-app/migrations//v001/v001-ddl.xml','2010-03-06 18:09:07','69804c78ca952e4503d62bbc52e','Create Index','',NULL,'1.9.5'),('Leanne Northrop','v001-schema-27','/Users/northrl/Documents/LSD/dev/lsd/website/main/grails-app/migrations//v001/v001-ddl.xml','2010-03-06 18:09:07','45ec8c3ff0d5697fd77183376e613124','Create Index','',NULL,'1.9.5'),('Leanne Northrop','v001-schema-28','/Users/northrl/Documents/LSD/dev/lsd/website/main/grails-app/migrations//v001/v001-ddl.xml','2010-03-06 18:09:07','a5962ddc49b94e3235974a7a80bc88b4','Create Index','',NULL,'1.9.5'),('Leanne Northrop','v001-schema-29','/Users/northrl/Documents/LSD/dev/lsd/website/main/grails-app/migrations//v001/v001-ddl.xml','2010-03-06 18:09:07','6b7c35c97f69c82af77cf7159199d3f','Create Index','',NULL,'1.9.5'),('Leanne Northrop','v001-schema-30','/Users/northrl/Documents/LSD/dev/lsd/website/main/grails-app/migrations//v001/v001-ddl.xml','2010-03-06 18:09:07','f0798c3312fc2933aa8b8cf8c9122','Create Index','',NULL,'1.9.5'),('Leanne Northrop','v001-schema-31','/Users/northrl/Documents/LSD/dev/lsd/website/main/grails-app/migrations//v001/v001-ddl.xml','2010-03-06 18:09:07','6cd6e48fa8353df06912645ad1b9d843','Create Index','',NULL,'1.9.5'),('Leanne Northrop','v001-schema-32','/Users/northrl/Documents/LSD/dev/lsd/website/main/grails-app/migrations//v001/v001-ddl.xml','2010-03-06 18:09:07','22d970fed098cdabf12dfb1754faf8a','Create Index','',NULL,'1.9.5'),('Leanne Northrop','v001-schema-33','/Users/northrl/Documents/LSD/dev/lsd/website/main/grails-app/migrations//v001/v001-ddl.xml','2010-03-06 18:09:07','d0ae955347308ca05664fda98b65ef26','Add Foreign Key Constraint','',NULL,'1.9.5'),('Leanne Northrop','v001-schema-34','/Users/northrl/Documents/LSD/dev/lsd/website/main/grails-app/migrations//v001/v001-ddl.xml','2010-03-06 18:09:07','db5edad27ad8c4e973467bf35b8e14','Add Foreign Key Constraint','',NULL,'1.9.5'),('Leanne Northrop','v001-schema-35','/Users/northrl/Documents/LSD/dev/lsd/website/main/grails-app/migrations//v001/v001-ddl.xml','2010-03-06 18:09:07','8b867e7b25fd2da36d4d7477daf8983d','Add Foreign Key Constraint','',NULL,'1.9.5'),('Leanne Northrop','v001-schema-36','/Users/northrl/Documents/LSD/dev/lsd/website/main/grails-app/migrations//v001/v001-ddl.xml','2010-03-06 18:09:07','148eb1779538d28b72bbd228c62ed6f5','Add Foreign Key Constraint','',NULL,'1.9.5'),('Leanne Northrop','v001-schema-37','/Users/northrl/Documents/LSD/dev/lsd/website/main/grails-app/migrations//v001/v001-ddl.xml','2010-03-06 18:09:07','61d23d160d3b7d4f3fc448968fccf7f','Add Foreign Key Constraint','',NULL,'1.9.5'),('Leanne Northrop','v001-schema-38','/Users/northrl/Documents/LSD/dev/lsd/website/main/grails-app/migrations//v001/v001-ddl.xml','2010-03-06 18:09:07','dce5eabe0456029953cd98a4df0b2d','Add Foreign Key Constraint','',NULL,'1.9.5'),('Leanne Northrop','v001-schema-39','/Users/northrl/Documents/LSD/dev/lsd/website/main/grails-app/migrations//v001/v001-ddl.xml','2010-03-06 18:09:07','4df9925cc1d121926c01cb6897d6f9b','Add Foreign Key Constraint','',NULL,'1.9.5'),('Leanne Northrop','v001-schema-40','/Users/northrl/Documents/LSD/dev/lsd/website/main/grails-app/migrations//v001/v001-ddl.xml','2010-03-06 18:09:07','7c3264e7a9c61c50f7f738a6313366b2','Add Foreign Key Constraint','',NULL,'1.9.5'),('Leanne Northrop','v001-schema-41','/Users/northrl/Documents/LSD/dev/lsd/website/main/grails-app/migrations//v001/v001-ddl.xml','2010-03-06 18:09:07','7aa559c52d453556da771f50eeb4ebdc','Add Foreign Key Constraint','',NULL,'1.9.5'),('Leanne Northrop','v001-schema-42','/Users/northrl/Documents/LSD/dev/lsd/website/main/grails-app/migrations//v001/v001-ddl.xml','2010-03-06 18:09:07','7b00a28ca0ca1be09711f7a68c27','Add Foreign Key Constraint','',NULL,'1.9.5'),('Leanne Northrop','v001-schema-43','/Users/northrl/Documents/LSD/dev/lsd/website/main/grails-app/migrations//v001/v001-ddl.xml','2010-03-06 18:09:07','9510f4831c84ca7bc62e8fa9c479affe','Add Foreign Key Constraint','',NULL,'1.9.5'),('Leanne Northrop','v001-schema-44','/Users/northrl/Documents/LSD/dev/lsd/website/main/grails-app/migrations//v001/v001-ddl.xml','2010-03-06 18:09:07','ad82657452da480609fa6c4e7762db0','Add Foreign Key Constraint','',NULL,'1.9.5'),('Leanne Northrop','v001-schema-45','/Users/northrl/Documents/LSD/dev/lsd/website/main/grails-app/migrations//v001/v001-ddl.xml','2010-03-06 18:09:07','2e5f4a7fe28376f75b51357e2446045','Add Foreign Key Constraint','',NULL,'1.9.5'),('Leanne Northrop','v001-schema-46','/Users/northrl/Documents/LSD/dev/lsd/website/main/grails-app/migrations//v001/v001-ddl.xml','2010-03-06 18:09:07','cf0caa9af8c3a274b5410efd18b93fb','Add Foreign Key Constraint','',NULL,'1.9.5'),('Leanne Northrop','v001-schema-47','/Users/northrl/Documents/LSD/dev/lsd/website/main/grails-app/migrations//v001/v001-ddl.xml','2010-03-06 18:09:07','2f1ee2603a50e183d2883f4e742949af','Add Foreign Key Constraint','',NULL,'1.9.5'),('Leanne Northrop','v001-schema-48','/Users/northrl/Documents/LSD/dev/lsd/website/main/grails-app/migrations//v001/v001-ddl.xml','2010-03-06 18:09:07','c797cb58848fd228fbcfa4135181cef','Add Foreign Key Constraint','',NULL,'1.9.5'),('Leanne Northrop','v001-schema-49','/Users/northrl/Documents/LSD/dev/lsd/website/main/grails-app/migrations//v001/v001-ddl.xml','2010-03-06 18:09:07','9843d4cf0686fdacd51666b15d8274','Add Foreign Key Constraint','',NULL,'1.9.5'),('Leanne Northrop','v001-schema-50','/Users/northrl/Documents/LSD/dev/lsd/website/main/grails-app/migrations//v001/v001-ddl.xml','2010-03-06 18:09:07','a266ee27ce89d2416f2cbbd24554bb55','Add Foreign Key Constraint','',NULL,'1.9.5'),('v001-data-01','northrl','/Users/northrl/Documents/LSD/dev/lsd/website/main/grails-app/migrations//v001/v001-data.xml','2010-03-06 18:09:07','49cbe84c8fcb3044e2a041a02a2fd365','Load Data','',NULL,'1.9.5'),('v001-data-02','northrl','/Users/northrl/Documents/LSD/dev/lsd/website/main/grails-app/migrations//v001/v001-data.xml','2010-03-06 18:09:07','ac8cc29dec6576be52188e93c8ca3ff','Load Data','',NULL,'1.9.5'),('v001-data-03','northrl','/Users/northrl/Documents/LSD/dev/lsd/website/main/grails-app/migrations//v001/v001-data.xml','2010-03-06 18:09:07','b820b54defb9888b55fb7403deeb8','Load Data','',NULL,'1.9.5'),('v001-data-04','northrl','/Users/northrl/Documents/LSD/dev/lsd/website/main/grails-app/migrations//v001/v001-data.xml','2010-03-06 18:09:07','e53e6a9cf042b390d385f949987d33','Load Data','',NULL,'1.9.5'),('v001-data-05','northrl','/Users/northrl/Documents/LSD/dev/lsd/website/main/grails-app/migrations//v001/v001-data.xml','2010-03-06 18:09:07','51e07644451d817f57f2d3c2243efdfb','Load Data','',NULL,'1.9.5'),('v001-data-06','northrl','/Users/northrl/Documents/LSD/dev/lsd/website/main/grails-app/migrations//v001/v001-data.xml','2010-03-06 18:09:07','96e8d0271365bd0fcead41f1413b90','Load Data, Custom SQL','',NULL,'1.9.5');
/*!40000 ALTER TABLE `DATABASECHANGELOG` ENABLE KEYS */;
UNLOCK TABLES;

--
-- Table structure for table `DATABASECHANGELOGLOCK`
--

DROP TABLE IF EXISTS `DATABASECHANGELOGLOCK`;
SET @saved_cs_client     = @@character_set_client;
SET character_set_client = utf8;
CREATE TABLE `DATABASECHANGELOGLOCK` (
  `ID` int(11) NOT NULL,
  `LOCKED` tinyint(1) NOT NULL,
  `LOCKGRANTED` datetime default NULL,
  `LOCKEDBY` varchar(255) default NULL,
  PRIMARY KEY  (`ID`)
) ENGINE=MyISAM DEFAULT CHARSET=utf8;
SET character_set_client = @saved_cs_client;

--
-- Dumping data for table `DATABASECHANGELOGLOCK`
--

LOCK TABLES `DATABASECHANGELOGLOCK` WRITE;
/*!40000 ALTER TABLE `DATABASECHANGELOGLOCK` DISABLE KEYS */;
INSERT INTO `DATABASECHANGELOGLOCK` VALUES (1,0,NULL,NULL);
/*!40000 ALTER TABLE `DATABASECHANGELOGLOCK` ENABLE KEYS */;
UNLOCK TABLES;

--
-- Table structure for table `address`
--

DROP TABLE IF EXISTS `address`;
SET @saved_cs_client     = @@character_set_client;
SET character_set_client = utf8;
CREATE TABLE `address` (
  `id` bigint(20) NOT NULL,
  `post_code` varchar(10) default NULL,
  `place_name` text,
  `type` varchar(5) default NULL,
  `country` varchar(108) default NULL,
  `county` varchar(25) default NULL,
  `street_number` int(11) default NULL,
  `line1` text,
  `post_town` varchar(255) default NULL,
  `line2` text,
  PRIMARY KEY  (`id`)
) ENGINE=MyISAM DEFAULT CHARSET=utf8;
SET character_set_client = @saved_cs_client;

--
-- Dumping data for table `address`
--

LOCK TABLES `address` WRITE;
/*!40000 ALTER TABLE `address` DISABLE KEYS */;
/*!40000 ALTER TABLE `address` ENABLE KEYS */;
UNLOCK TABLES;

--
-- Table structure for table `article`
--

DROP TABLE IF EXISTS `article`;
SET @saved_cs_client     = @@character_set_client;
SET character_set_client = utf8;
CREATE TABLE `article` (
  `id` bigint(20) NOT NULL,
  `summary` longtext,
  `image_id` bigint(20) default NULL,
  `content` longtext,
  `title` varchar(255) default NULL,
  PRIMARY KEY  (`id`),
  UNIQUE KEY `title` (`title`),
  KEY `FKD458CCF6B776D63` (`image_id`)
) ENGINE=MyISAM DEFAULT CHARSET=utf8;
SET character_set_client = @saved_cs_client;

--
-- Dumping data for table `article`
--

LOCK TABLES `article` WRITE;
/*!40000 ALTER TABLE `article` DISABLE KEYS */;
INSERT INTO `article` VALUES (3,'The final countdown to the 2010 Oscars has begun, with The Hurt Locker and Avatar going head-to-head for the coveted best picture award.\r\nJames Cameron\'s 3D sci-fi juggernaut, which has taken more than $2bn (&pound;1.32bn) at the box office, had looked like a favourite in early 2010.',NULL,'The final countdown to the 2010 Oscars has begun, with The Hurt Locker and Avatar going head-to-head for the coveted best picture award.\r\nJames Cameron\'s 3D sci-fi juggernaut, which has taken more than $2bn (&pound;1.32bn) at the box office, had looked like a favourite in early 2010.\r\nBut his ex-wife Kathryn Bigelow\'s Iraq bomb disposal drama is now being tipped in Tinseltown to take the prize.\r\nBoth lead the way at Sunday\'s Academy Awards with nine nominations each.\r\nIf the Hurt Locker wins, it will be the lowest-grossing best picture winner in Oscars history with earnings of around $15m (&pound;9.9m).\r\nBut with 10 films in the running for best picture and a change in the voting system, the way is still open for a major Oscar upset.\r\nQuentin Tarantino\'s eight times nominated World War II fantasy Inglourious Basterds could benefit from a split vote.\r\nBritish hopes\r\nCameron and Bigelow also go against each other in the best director category with Bigelow heavily tipped to win.\r\nIndustry paper The Hollywood Reporter on Friday predicted wins for Bigelow for both best picture and director.\r\nIf Bigelow is named best director she would be first female to win - only four women have ever been nominated.\r\n\r\nSandra Bullock is expected to win best actress for The Blind Side\r\nJeff Bridges is widely expected to take best actor for Crazy Heart.\r\nThe 60-year-old has swept the awards season this year, winning Golden Globe and Screen Actors Guild Awards for his portrayal of an alcoholic country singer.\r\nBritish hopes in the acting categories include Colin Firth, Dame Helen Mirren and Carey Mulligan.\r\nFirth, up against Bridges for his Bafta-winning performance in A Single Man told the BBC he did not expect to be making an Oscar speech.\r\n&quot;I\'m not sure I\'ll get the chance. I think I might have peaked,&quot; he admitted at the Independent Spirit Awards on Friday.\r\nLikewise, Sandra Bullock is expected to win best actress for American football drama The Blind Side.\r\nBut she has close competition from Meryl Streep, whose role in Julie and Julia has earned her a record 16th Oscar nomination.\r\nShe is also up against Carey Mulligan, whose Bafta win for An Education raised her profile in the final few days of voting.\r\n\'Christmas for movies\'\r\nMeanwhile Dame Helen Mirren, nominated for The Last Station, told the BBC she was not too nervous ahead of the big night.\r\n&quot;The first time is so frightening and intimidating, but once you\'ve done it once you know the nature of the beast,&quot; she said. &quot;But they do it incredibly well here in America. It is the great celebration of film - it\'s like Christmas for movies.&quot;\r\n\r\n*Wallace and Gromit creator Nick Park is hoping to win a fifth Oscar*\r\nThe best supporting actor and actress awards seem to be already in the bag for Christoph Waltz (Inglourious Basterds) and Mo\'Nique (Precious).\r\nAll of which leaves stop motion animation heroes Wallace and Gromit as one of Britain\'s best hopes of taking home an Oscar.\r\nNick Park, nominated in the short animated film category for A Matter Of Loaf And Death, is in line to win his fifth golden statuette.\r\nHe said: &quot;What\'s really difficult is I\'ve read that Wallace and Gomit is favourite but you can\'t afford in yourself to get too confident, and you\'ve got to imagine things not working out so you enjoy the evening.\r\n&quot;But obviously with four already, I won\'t be that disappointed.&quot;','Hurt Locker in final sprint to win Oscar race'),(4,'Makers of small web browsers want their programs to be given more prominence on Microsoft\'s browser choice screen.\r\nSix software firms have complained to the EU saying many do not realise their programs were on offer.\r\nTo see all 12 web browsers, users must scroll to the right when viewing Microsoft\'s ballot screen.\r\nThe choice is being offered as part of a settlement of an anti-trust case brought against Microsoft by the European Commission.',NULL,'Makers of small web browsers want their programs to be given more prominence on Microsoft\'s browser choice screen.\r\nSix software firms have complained to the EU saying many do not realise their programs were on offer.\r\nTo see all 12 web browsers, users must scroll to the right when viewing Microsoft\'s ballot screen.\r\nThe choice is being offered as part of a settlement of an anti-trust case brought against Microsoft by the European Commission.\r\n*Global choice*\r\n&quot;The final choice screen design leaves the vast majority of users unaware that there are more than five browsers to choose from,&quot; the six firms said in their petition.\r\n	\r\n*BROWSER CHOICES*\r\n* Avant\r\n* Chrome\r\n* Firefox\r\n* Flock\r\n* Green Browser\r\n* Internet Explorer\r\n* K-meleon\r\n* Maxthon\r\n* Opera\r\n* Safari\r\n* Sleipnir\r\n* Slim\r\nThe petition is signed by the makers of the Avant, Flock, Maxthon, Slim, Sleipnir and Green browsers. The makers of the other browser on offer, K-Meleon, did not sign it.\r\nFrom 1 March, the browser choice have been popping up on the screens of millions of Europeans who have Internet Explorer as their default web browser.\r\nThe browser choice screen is designed as a single panel. Scrolling to the right reveals all twelve browsers on offer.\r\n&quot;We are only requesting the simple addition of any text or design element, that would indicate to an average user that there are choices \'to the right of the visible screen\',&quot; said the petition.\r\nMicrosoft said that the browser choice screen was drawn up to be compliant with the deal agreed with the European Commission.\r\nEarly reports suggest the browser choice screen is leading to a rise in the numbers of people trying browsers other than Internet Explorer.\r\nIn a statement, Opera said it had seen downloads of its browser increase threefold since the choice screen system started rolling out.\r\nAt the same time, the European Committee for Interoperable Systems (ECIS) has asked for the browser choice system to be repeated around the world.\r\nIn a statement it called on &quot;competition agencies around the world to give their consumers the benefit of browser choice, which will spur competition and improve the Web experience for all&quot;.\r\nSo far, the ECIS campaign has got no further than an open letter on the organisation\'s site. However, it did not rule out a more active campaign on the issue of browser choice.\r\nECIS members include long-time Microsoft rivals Oracle, IBM, Red Hat, Opera and Adobe.','Browser makers demand screen time'),(6,'The kind of meditation taught at Kagyu Samye Dzong London is called Calm Abiding meditation or Shinay in Tibetan. As the name suggests the aim of this meditation is to achieve a state of tranquillity, and then abide within this state. Learning to meditate is deeply rewarding. It is a simple life skill that can help us make the most of everyday. ',15,'The kind of meditation taught at Kagyu Samye Dzong London is called Calm Abiding meditation or Shinay in Tibetan. As the name suggests the aim of this meditation is to achieve a state of tranquillity, and then abide within this state. Learning to meditate is deeply rewarding. It is a simple life skill that can help us make the most of everyday. The insights and experiences that arise naturally from within us can enrich our lives and improve our wellbeing. Being able to calm our mind and experience a little mental peace after an upsetting experience is a profound way to restore our balance and cope with the situation.  \"We use things as tools for our own benefit. But today it is often the other way around: Things use us. They rule our way of life. But when we are no longer their masters, we cannot use them to our benefit. Our lives today are very fast and complex and full of potential stress and conflict. If in that situation we cannot maintain our inner peace and clear mind we can lose our mental stability and that will lead to mental conflicts and illness. Under these circumstances today more then ever meditation is especially helpful and important.\" (From an interview with Gyalwa Karmapa Urgyen Trinley Dorje in Gyuto India June 2006)\r\n\r\n[shi ney meditation](image)\r\n\r\nIn our classes and courses you\'ll learn different techniques for settling your mind. The Classes are taken by experienced meditators in a friendly and informal atmosphere. You can then attend our open meditation sessions held each week at the Centre and practice the exercises you\'ve been taught.','Meditation'),(8,'Buddha means awakened one, it was the name given to a historical figure bone into an Indian royal family about 625BC. As a talented prince called Siddartha he lived a life of ease and splendor, but was never able to satisfy a deep craving for a meaningful spiritual life. So he left the palace and headed into the forests around Bodhi Gaya. Spending many years seaching for teachers and meditation practises that would bring a release from birth aging sickness death and again birth, he finally settled under the bodhi tree. It was this final meditation which brought to this wandering prince the awakening that earned him his title of Buddha.',6,'The Kagyu tradition is one of the four main schools of Tibetan Buddhism. It is reknowned for its emphasis on meditation as embodied by such great masters as Marpa, Milarepa and Gampopa, whose example inspired people throughout Tibet.\r\n\r\nThe supreme head of the Kagyu lineage is the Karmapa\r\n\r\n[KarmapaWalking](image)\r\n\r\nThe Karmapas have been the supreme heads of the Kagyu lineage of Tibetan Buddhism since the first Karmapa, Dusum Khyenpa, in the 12th century. Historically, Dusum Khyenpa was the first Lama recognised to intentionally reincarnate as a particular master.\r\n\r\nIn all of his successive incarnations, the Karmapa has served as the primary source of refuge for all the followers of the Karma Kagyu Lineage. As the central teacher of the Kagyu lineage, he ensures that the teachings are transmitted in their entirety and preserved for future generations. The Karmapa is an extraordinary individual, whose life itself may be seen as a profound teaching. He clearly manifests the potential inherent in all living beings to fully develop the qualities of perfect wisdom, unconditional love and all-pervasive compassion.\r\n\r\nHis Holiness the 17th Gyalwa Karmapa, Orgyen Trinley Dorje, has been living at Tsurphu monastery in Tibet since his enthronement in 1992. In January 2000 he arrived in Dharamsala, India, the main seat of the Dalai Lama in exile, after fleeing over the mountains with a small group of attendants. His arrival has brought great joy to his followers worldwide, who are now able to receive his teachings, guidance and blessings.','Buddhism'),(28,'There are so many different ways to make a meaningful connection to the Centre, to the people who share its life and benefit from it\'s presence.',8,'Come and join our growing team of volunteers who have already started to renovate our new building. We have bought a grade 2 listed building which will become our permanent London centre. The building is substantially bigger than our current Manor Place centre and will require considerable renovation. More inforation here\r\n\r\nWe are looking for volunteers who can commit for a length of time and we are especially keen to recruit those skilled in general building skills, painting and decorating, electrical work, plumbing, plastering, and cooking.\r\n\r\nWe will have a limited amount of residential accommodation available, free-of-charge, for volunteers. If you are interested please contact the Kagyu Samye Dzong office for more details and to discuss these opportunities informally.\r\n\r\nPlease note: there are also opportunities for occasional and weekend volunteers, but please note the minimum daily time commitment is four hours.\r\n\r\n\r\nThe Former Bermondsey Library, Spa Road, London Kagyu Samye Dzong London\r\n33 Manor Place\r\nLondon\r\nSE17 3BD\r\n\r\ntel: +44 (0)20 7708 8969\r\nemail: manorplace@samye.org','Community'),(29,'The Centre offers a wealth of complementary healthcare from qualified practitioners. Each week the community clinic offers a range of treatments at very competitive rates.',16,'Community Clinic: Therapies offered\r\nHolistic massage with Lise-Marie Lejamtel\r\n\r\nI worked for a number of years in a caring capacity where I became aware of the benefits of a caring touch. Massage doesn\'t only have physiological effects such as muscle tension release, better regeneration of the cells, improved circulation or better skin tone and colour through removal of dead cells. It can also bring out a wonderful sense of mental relaxation, soothing and comfort. In the long term it improves body image, awareness and general self-esteem.\r\n\r\nI qualified and insured as a holistic massage therapist and offer part or full-body massage, using oil on the skin. The body is fully covered with towels, except the part that is worked on. Techniques include effleurage, manipulation of the muscles, compressive and kneading movements, light percussions and lymphatic drainage movements. The client is encouraged to give feed-back during the massage so that I can adapt the pressure and focus where it is needed.\r\n\r\nThe first session always starts with a consultation to check the suitability of the treatment. If you have contra-indications, I may need you to ask an authorization from your doctor prior to the treatment.\r\n\r\nLooking forward to hearing from you!\r\n\r\nLise-Marie Lejamtel ITEC CthA\r\n(t) 07906 362006\r\n(e) lisemarie.lejamtel@gmail.com\r\nAcupressure Massage and Relexology with Karin Summers\r\n\r\nOriginally from a science background (Cancer Research), with an Applied Biology Degree, I started my training as a massage therapist about 6 years ago. After learning the basics of Holistic massage and Anatomy and Physiology, I studied Reflexology which I found an extremely effective methodology. Prompted by a desire to be able to give effective treatments to all sorts of people in all sorts of circumstances, I went on to study sports massage which gave me a more in depth knowledge and seated acupressure chair massage.\r\n\r\nThe Acupressure seated massage I perform is derived from the Traditional Japanese massage (AMMA), introduced by David Palmer, an american, in the eighties. He first instigated the, now familiar, portable massage chair and marketed this effective and accessible style of treatment to the western world. This therapy, in which the client remains fully clothed, provides an invigorating boost and is deeply relaxing. Deep pressure is applied to over 150 acupressure points over the neck, back, shoulders and arms, stimulating the proper flow of energy throughout the body systems.\r\nCranio Sacral Therapy with Frederick Maitland\r\n\r\nI have been practicing Cranio Sacral Therapy since 1999. I have trained and assisted with the Milne Institute\'s Visionary CranioSacral Work program, both in the United States and Italy. I have also studied with the Upledger Institute, and the Biodynamics of Charles Ridley. I am a full member of the CranioSacral Therapy Association of the United Kingdom.\r\n\r\nAs well as my CranioSacral Therapy qualifications, I graduated with a Doctor of Chiropractic degree in the United States. I have also received trainings from a number of Native American teachers, particularly Dr Leslie Grey, of the Woodfish Institute, San Francisco, California.\r\n\r\nWhat I love about CranioSacral, is how subtle and profound it is, mirroring our true inborn capacity for health and healing. I greatly enjoy working with people of all ages, and am fascinated by each person\'s life story and experiences. I am inspired both by my teachers, and the masters I have met on my travels. Yet it is within the deep stillness of Nature that I find the heart of my practice.\r\n\r\nPlease do not hesitate to contact me with further questions and/or to book your sessions.\r\n\r\nFrederick Maitland RCST 0787 551 8069 info@stoneriver.org\r\n\r\nHow to find Kagyu Samye Dzong London ','Community Clinic'),(30,'Kagyu Samye Dzong London will soon be taking up residence in a new building. For the foreseeable future 33 Manor Place will remain open. Meanwhile work is underway at 15 Spa Road. What will this new building bring to London? We hope everyone will find something helpful in our new diverse Centre.',24,'Kagyu Samye Dzong London will soon be taking up residence in a new building. For the foreseeable future 33 Manor Place will remain open. Meanwhile work is underway at 15 Spa Road. What will this new building bring to London? We hope everyone will find something helpful in our new diverse Centre.\r\n\r\nh3. Learn to meditate\r\n\r\nFor those wanting to learn and practice meditation there will be two beautiful meditation halls decorated in the Tibetan style. Weekly classes led by experienced teachers will introduce the basic principles of meditation and help to get you started. Each week you can come and meditate at the Centre either when the meditation halls are not being used, or during one of our regular group meditation sessions.\r\n\r\nh3. Practice Buddhism\r\n\r\nEach month traditional Buddhist practices for well being, health and world peace are completed by the resident ordained and lay community. You can join in with these prayers and group meditations. Texts are available in the shop and courses explaining the practices occur regularly throughout the year.\r\n\r\n\r\nh3. Spa Road Renovation\r\n\r\nh4. Find peace and well being\r\n\r\nWe will once again create a tea room. The tea room has been greatly missed by regular users of the Centre since our departure from the Carlisle Lane Centre, but in Spa Road there will be a space to relax with friends. Spend time in the Tea room winding down before a therapy treatment or meditation class.\r\n\r\nh4. Health treatments\r\n\r\nMany people rely on the Centre to provide quality health treatments. We will hold monthly clinics by a Tibetan doctor, who uses traditional Tibetan methods and medicines to treat a wide variety of ailments. At Spa Road we have a suite of treatment rooms, and larger spaces for group activities such as Pregnancy Yoga, Martial Arts, and psychotherapy courses, conferences and much more. The Centre will provide the space for a weekly Community Clinic which will offer many alternative treatments by professional practitioners at a low cost. Treatments such as Acupuncture, Cranio Sacral, Homeopathey, Reflexology, Shiastsu, Indian Head Massage and much more will be available weekly during the daytime.\r\n\r\nh4. Volunteer at the Centre\r\n\r\nKagyu Samye Dzong London is run by volunteers. Volunteering at the Centre is a great way to get to know the Centre better and become a part of the community. You may have particular skills that you&rsquo;d like to offer, or maybe you can commit to a rota and help in the shop or office each week. The Centre is always on the look out for cooks, and there is the never ending job of keeping the building clean and tidy. Look out for our volunteer days at 15 Spa Road and join in.','Spa Road'),(31,'A member of the London Samye Dzong community volunteer\'s for a scientific research project. Allowing an fMRI scaner watch while they meditate.',NULL,'Tashi Zangpo, the monk at Kagyu Samye Dzong London Tibetan Buddhist Centre, asked me if I was going to take part in a piece of research on meditation and the brain. It was the first I had heard of Dr Elena Antonova\'s project based in King\'s College London. She was looking for people with 7 years or more experience of meditation, who were right handed, between 18 & 65 and had no metal in the body. I got in touch.\r\n\r\n[fMRI Scanner](image)\r\n\r\nAfter filling in a form and booking an afternoon off work I was all set for my first fMRI brain scan. This is the first piece of UK based research of this kind. Using \'Functional Magnetic Resonance Imaging (fMRI) to scan the brain activity of people meditating was something pioneered at MIT (Massachusetts Institute of Technology) in response to the Dalia Lama\'s \'Mind and Life\' summits during the early nineties, this is an area of science that has been deeply influenced by Buddhist mediators.\r\n\r\nDr Anotonova\'s research is very exciting. Mindfulness-based Cognitive Therapy (MBCT) has already been proven as highly effective for treating mental disorders like bipolar or depression. By completing this research she is hoping to establish objective outcome measures, this would ground MBCT as an evidence-based medicine, which could then be made more widely available for patients on the NHS. Imagine a treatment plan for metal illness that did not rely on medication, but on mindfulness.\r\n\r\nI felt nervous leading up to my appointment. I began to question my practice, have I been doing it correctly? What if nothing shows up on the scan, I\'d feel a bit of a fraud. I guess this is the whole point of the research, to find ways to verify a subjective experience and reassure people they are doing something to their brains when they meditate. So to prepare myself for the experience I did a few sessions laying on by back in my room, meditating with my head in a bucket. I know this is something that hospital staff do with children before they have an MRI scan, they have them lay down in a play tunnel and talk to them about what it will be like. After this I felt much more relaxed about the day, and gave myself more room to be excited and curious.\r\n\r\nI arrived at the Centre for Neuroimaging Sciences and was quickly signing forms and chatting to Dr Anotonova. She explained the three types of mind modes that she wanted to measure, and I had a 20 minute practice moving at random between; \'Mind Wandering\' which was a grasping, monkey mind mode. \'Future Planning\' which is like comtemplation or period of directed thought, and \'Mindfulness\' which is open awareness, objectless Shiney meditation, or mediation on the present moment. We entered a locker area and de-metaled by removing all metallic objects from our persons. Then into the scanning room, and before I knew it I was flat on my back with my head inside a very heavy, very expensive machine.\r\n\r\nI had to lay really still for an initial scan. The scanner startled me as is clunked into life making strange and loud noises, I felt like a frightened little bardo being crushed by the elements. I\'m sure the heart rate monitor shows a peak during the first few minutes. Still the sequences began and during the first \'Mindfullness\' period I felt much better, I relaxed and even started to enjoy the experience. My preparation with the bucket would have been much more realistic had I been putting my head in a bass speaker. Then the time and money ran out, each scan costs just short of &amp;amp;pound;500, and I was wandering back to Manor Place.\r\n\r\nI was very impressed with Dr Antonova\'s commitment and passion for her subject. She is a keen meditator in the Dzogchen tradition, and has great plans for further research. Opportunities to get involved and join a research programme will come up again. Its so meaningful, meditation is such a gift, such a healthy practice, anyone can learn and its something the Buddhadharma explains so fully. How wonderful to support it\'s integration into science and healthcare. If you are interested in supporting Elena\'s work either as a subject to study or financially then get in touch.\r\n\r\n\r\nDr Elena Antonova\r\n\r\nBox PO62, Department of Psychological Medicine\r\nInstitute of Psychiatry\r\nKing\'s College London\r\nCutcombe Road\r\nLondon, SE5 9RG','Mindfulness, Magnets and the NHS'),(32,'Early information about the arrival of 1,000 Buddha statues coming from Tibet.',31,'h2. Sept 09 - 1,000 Buddhas from Tibet coming to Bermonsey South London\r\n\r\nBuddhists in Bermondsey\'s old public library are working hard on an unusual restoration project. Having taken over an old building used by the council they are busy removing the artificial artex ceilings and false walls. Meanwhile great efforts are being made far away, over the Himalayas, in the troubled region of Tibet. For thousands of years Buddhists have created statues of the original Buddha to aid them in their meditations, and create special places of harmony and healing. It was a common practice in India, Asia, China and Tibet to create 1,000 such statues and have them all collected together in one meditation hall. The effect is quite overwhelming having 1,000 pairs of eyes gazing at you from a mass of guilded gold. Space is being created now for such a collection of 1,000 Buddha\'s in Bermondsey\'s new Buddhist Centre - Kagyu Samye Dzong London.\r\n\r\n\r\nLondon\'s assembly of 1,000 Buddhas are being produced in eastern Tibet in a series of local foundries. Once the statues have been cast and cleaned the hollow shell will be filled with precious substances and mantras. Its a huge task. So why go to all this trouble? Since it is not possible to just buy 1,000 Buddha statues from UK suppliers it is necessary to source them from the sites at which these Buddha\'s are actually made. Once they have arrived in England they will form the backdrop to three other large statues which are being sculpted on-site by Tibetan artist Lama Thubten.\r\n\r\n\r\nh2. London\'s peace zones?\r\n\r\n\r\nCould you find a quiet corner in a park, or on the grand canal? May be at the back of an old church, or in a private square. How might you go about creating a peaceful place? Buddhists in Bermonsey are going to extreme lengths to create a meditation hall which will open to the public next year. Imagine 1,000 Buddha statues in a posture of mental and physical harmony watching over you as you try to calm your mind and feel the stillness that lies within. Sound intimidating? It was a common practice in India, Asia, China and Tibet to create 1,000 such statues and have them all collected together in one meditation hall. Buddhists believe that actions performed in the presence of even a single statue of the Buddha have the same power and effect as actions performed in front of an actual living enlighten being. So one wish made in the presence of 1,000 Buddhas becomes a powerful prayer multiplied a thousand times.\r\n\r\nKagyu Samye Dzong London has been carrying out its work in London for the past 12 years under the guidance of Lama Zangmo, a Buddhist nun with over 12 years of meditation retreat behind her. She has a team of dedicated volunteers transforming the old public library on Spa road in Bermonsey. When completed this 19th century building will become home for the cities largest Buddhist Centre.  ','1,000 Buddhas 2,000 Eyes'),(34,'testsetsetset set ',7,'asdf asdf asd asd fasd asdf fasd asd f','test article'),(35,'Lama Thubten explains his belief that Buddhist art can bring benefit\r\nto people in the West;&amp;quot;...if one seeks the deeper meaning behind the\r\nstatues and follows the path of the Buddha, then one will never have\r\nto face disappointment.&amp;quot;',23,'TRADITIONAL TIBETAN ART COMES TO SOUTH LONDON\r\n\r\nTibetan Lama and master craftsman brings the Buddha to Bermondsey\r\n\r\nSometimes he fondly remembers his nomadic childhood in Tibet but for\r\nnow Lama Thubten Kunsal is very happy to be thousands of miles away,\r\nboth geographically and culturally, in Bermondsey, south-east London\r\nwhere he is creating traditional Buddhist sculptures and other artwork\r\nfor a soon-to-open Tibetan Buddhist centre.  The centre will be a\r\nplace of tranquillity, meditation and health open to everyone.\r\n\r\nProdigiously talented from a young age, Lama Thubten trained under\r\nsome of Tibet&amp;amp;rsquo;s greatest Buddhist artists and teachers. At the age of\r\n22 he joined Tashi Kelsang Darkeling monastery where he continued to\r\nstudy traditional Tibetan art while undertaking intensive Buddhist\r\npractice.\r\n\r\nIn 2002 he journeyed from Tibet via China to Kagyu Samye Ling\r\nmonastery in Scotland at the invitation of the founder, Choje Akong\r\nTulku Rinpoche, who was aware of his compatriot&amp;amp;rsquo;s great talent. At\r\nSamye Ling, Lama Thubten set to work crafting a number of beautiful\r\nstatues in the shrine-rooms and grounds of the monastery.\r\n\r\n!lama thubten!\r\n\r\nIn 2009 the London branch of the monastery, Kagyu Samye Dzong,\r\nacquired the old Bermondsey Library, and a volunteer workforce has\r\nbeen busy renovating it to create the largest Tibetan Buddhist centre\r\nin London. Lama Thubten has been there since November creating a\r\nnumber of major sculptures including the 2.5m-high Buddha statue which\r\nwill be the centrepiece of the main shrine-room.  The official opening\r\nof the centre will be in June 2010 and will be performed by His\r\nHoliness 17th Karmapa, head of the Karma Kagyu Buddhist tradition,\r\nduring his first visit to Europe.\r\n\r\nLama Thubten explains his belief that Buddhist art can bring benefit\r\nto people in the West; &amp;amp;ldquo;...if one seeks the deeper meaning behind the\r\nstatues and follows the path of the Buddha, then one will never have\r\nto face disappointment.&amp;amp;rdquo;\r\n\r\nKagyu Samye Dzong London, Tibetan Buddhist centre for world peace and\r\nhealth was founded in 1998 and is under the daily guidance of Lama\r\nZangmo.\r\n\r\nNOTES FOR EDITORS\r\n\r\n   1. Kagyu Samye Dzong London is a branch of Kagyu Samye Ling\r\nMonastery in Scotland, a Buddhist Centre which was established in 1967\r\nand now has branches worldwide. The London centre is directed on a day\r\nto day basis by Lama Zangmo.\r\n   2. The director of the centre, Lama Zangmo, first became a\r\npracticing Buddhist in 1977. She entered a four-year closed retreat in\r\n1984, during which time she became ordained as a Buddhist nun. Lama\r\nZangmo went on to spend eleven and a half years in retreat. Following\r\nthat training she became the first director of Kagyu Samye Dzong\r\nLondon, on its foundation in 1998. In recognition of her long\r\nexperience she was honoured with the title of Lama in 2001.\r\n   3. The Karmapas have been the supreme heads of the Kagyu lineage of\r\nTibetan Buddhism since the first Karmapa Dusum Khyenpa in the 12th\r\ncentury. The current (17th) Karmapa is 24 year old Orgyen Trinley\r\nDorje,  born in Kham, Tibet. In January 2000 he arrived in Dharamsala,\r\nIndia, the seat of the Dalai Lama in exile. He now resides at nearby\r\nGyuto monastery. In 2008 he made his first visit to the West with a\r\nsuccessful 3 week tour of the US. He will undertake his first European\r\ntour in May/June 2010, visiting 10 countries including England &amp;amp;amp;\r\nScotland.\r\n\r\n Contact:\r\n\r\nKagyu Samye Dzong London\r\n33 Manor Place\r\nLondon SE17 3BD\r\n0207 708 8969\r\nwww.london.samye.org ','TRADITIONAL TIBETAN ART COMES TO SOUTH LONDON'),(36,'The Centre needs people who can focus on tasks and get them done, and also really take pride in what they do, that&rsquo;s very important.',24,'Hi I&rsquo;m Phil, I&rsquo;m a volunteer here at Spa Road. When I first arrived it was in the back of my mind that this kind of project, in this case a building project, related to spiritual practice means that you are going to be engaging with things, possibly that you wouldn&rsquo;t be if it was a normal commercial project. I think it&rsquo;s to do with the fact that in a sense its not just a building it is a place that will be offered to the general public a place to practice, in this case in the Tibetan Buddhist Tradition. On the one hand you can see it in a very logical down to earth way, it&rsquo;s a building project. But on another level its activating all the energies and stirring up all the things that are opposing a project like this. In an individual&rsquo;s life its&rsquo; bringing these things to the surface as much as anything else, so I think in a strange way doing something like this is a practice in it own right.\r\n\r\n \r\n\r\nIn one way or another I&rsquo;ve had a connection with this organisation for about ten years, on and off. I helped out a little bit with the previous centre, did some painting and decorating and bits and pieces there. That was about three of four years ago. I was then away working in another meditation Centre, when somebody who lives at Manor Place was on retreat there, they said that there was a possibility that a new building was going to happen in London, I didn&rsquo;t think too much about it as I was about to go travelling. When I came back to London I thought I&rsquo;ll check out the Centre and see if its happening and if they need any help. So its&rsquo; all coincided with my returning to London and needing to be here for a period of time, and being available to volunteer.\r\n\r\n \r\n\r\nI was working for a year for another charity, another Buddhist charity. Whilst I was paid a small amount of money I was getting used to not needing money in that place because it was totally self contained, and actually there is a little bit of that here. We are feed and housed, whilst from time to time we do go out and make use of what London has to offer, which gets expensive! But at this stage I don&rsquo;t mind that I feel content with the idea that I&rsquo;m offering time and energy too something that will be good and helpful for people in the future.\r\n\r\n \r\n\r\nI think it will be fantastic to see the building coming to fruition. But also it feels to me like the building has to gradually be grown into by the centre. That process I think is really interesting the organic growth into the building, as the Buddha is gradually sculpted in the main hall, and other marks are made on the Building that say; this is a Buddhist Centre now. I think that process is really interesting, it will probably be quite a long time before people can say now its finally complete.\r\n\r\n \r\n\r\nIf you&rsquo;ve got curtain kinds of practical skills or if you are willing to learn, we&rsquo;ve got one or two people who are highly skilled and will be able to train people. Get in touch. If you&rsquo;ve got some time and you are able to commit it consistently, that&rsquo;s important. The Centre needs people who can focus on tasks and get them done, and also really take pride in what they do, that&rsquo;s very important.','Whats it like to volunteer at Spa Road?'),(41,'Just a test please ignore',NULL,'Testing textile *content*\r\n\r\n [fMRI Scanner](image)\r\n\r\n','Leanne testing article'),(53,'Doctor of Traditional Tibetan Medicine, Working with the Tara Institute of Tibetan Medicine. Dr Soktsang is highly experienced in the field of Traditional Tibetan Medicine, having studied and practised over the past twenty years.',NULL,'Please note: Dr. Soktsang has recently changed his name from his former title of Dr. Dhonden.\r\n\r\nDr. Soktsang is highly experienced in the field of Traditional Tibetan Medicine, having studied and practised over the past twenty years.\r\n\r\nHe commenced his studies in Tibet for a period of five years under the guidance of an uncle, who was also a doctor. This enabled him to enter the Central Medical Institute for Traditional Tibetan Medicine in Lhasa, where he studied for a further five years until he graduated with the MEN-RAMPA, (Tib.) or Masters Degree of Tibetan Medicine. After graduating, he went to work at the Lhasa Mentse Khang Hospital, the premier centre of excellence of Traditional Tibetan Medicine.\r\n\r\nDuring his period there he received further teaching, instruction and transmissions from various famous Tibetan doctors, in particular from the most eminent Professor, KHENPO TSENAM, regarded by many as the greatest living practitioner and teacher in the field of Tibetan Medicine.\r\n\r\nHaving moved to India, Dr. Soktsang has not only worked at the Tibetan Medical and Astrological Institute at Dharamsala, and also at various other Centres around India, Ladakh; Shillong; Belakopi and Orrisa. Having worked in Orissa for the customary one year contract, he was particularly requested by the local people to stay on for a further period. Due to the difficult climatic conditions of that part of India, Orissa is known to be a very challenging area to work in, having as it does high levels of poverty and malaria.\r\n\r\nHe became the founder and Chief Medical Officer of the Mentse Khang Medical Institute of Orissa, India; where the Institute and his work serve the whole community.\r\n\r\nNot only is Dr. Soktsang experienced in Tibetan Medicine, but he is also a qualified practitioner of Acupuncture. He was one of the major speakers in the year 2000 at the Annual Medical Conference of Tibetan Medicine, held in Dharamsala, which is attended by Tibetan doctors from all over India and Asia. The particular theme of that conference was Diabetes.','Our_Tibetan_Doctor'),(55,'Well being at the Centre might involve a visit to the Community Clinic, a yoga class or a consolation with our visiting Tibetan Doctor. ',25,'*Thursdays*\r\n12 noon - 7pm\r\n(Unless otherwise stated) 	CranioSacral Therapy with Frederick Maitland\r\n07875 518069\r\nvcsw@mac.com\r\n\r\nIndian Head Massage / Holistic massage with Lise-Marie Lejamtel\r\n07906 362006\r\nlisemarie.lejamtel@googlemail.com\r\n\r\nPolarity Therapy / Facial Rejuvenation Massage with Zofia Hockin\r\n07951 830382\r\nzofia.hockin@talktalk.net\r\n\r\n\r\n*Fridays*\r\n9am - 7pm 	Acupuncture with Bruno Pires\r\n07563903928\r\nbrunopirez@hotmail.com\r\n\r\nCranioSacral Therapy with Frederick Maitland\r\n07875 518069\r\nvcsw@mac.com\r\n\r\nShiatsu with Imogen\r\n07545 827006\r\n\r\nChair massage / reflexology with Karin Summers\r\n07811 189529\r\nrelax@karinsummers.co.uk\r\n\r\n*Costs:* Therapies are 20 for a 45 min session. The purpose of this clinic is to provide treatments to people on a low income. We encourage those who feel able to pay an additional 10.\r\n\r\n*Community Clinic Cancellation Policy:* 50% of the fee will be charged if less than 24 hours notice is given directly to the therapist\r\n\r\nPlease Note: The therapies/treatments on offer are not being offered by Kagyu Samye Dzong London but the practitioner/doctor personally. Kagyu Samye Dzong London is not responsible for the treatment and accepts no liability in respect thereof.\r\n\r\nHow to find Kagyu Samye Dzong London ','Well Being'),(56,'We are so fortunate to have a wonderful centre in London, but to keep it in a way that all can enjoy and benefit from, it needs constant maintenance.',41,'We are so fortunate to have a wonderful centre in London, but to keep it in a way that all can enjoy and benefit from, it needs constant maintenance.\r\n\r\nThese are just some of the few jobs in constant need of volunteers:\r\n\r\n* Cooking\r\n* Painting\r\n* Mailings\r\n* DIY\r\n* Cleaning\r\n\r\nYou may have seen someone wandering around with a vacuum cleaner or ladder, or smelt the wonderful aromas coming from the kitchen and thought: \"I wonder how they got involved?...\" Well now is your chance to find out!\r\n\r\nCome and practice \"working meditation\" in a supportive environment either during the week or join the small group of people who spend a Saturday or Sunday a month helping out. You are guaranteed a good laugh and plenty of tea to keep you going!\r\n\r\nTalk to Lama Zangmo, one of the resident nuns or lay people the next time you are at the centre. Alternatively, contact the office, we will let you know what\'s happening!\r\n','Volunteers Needed!'),(57,'Come and join our growing team of volunteers who have already started to renovate our new building.',43,'Come and join our growing team of volunteers who have already started to renovate our new building. We have bought a grade 2 listed building which will become our permanent London centre. The building is substantially bigger than our current Manor Place centre and will require considerable renovation. \r\n\r\nWe are looking for volunteers who can commit for a length of time and we are especially keen to recruit those skilled in general building skills, painting and decorating, electrical work, plumbing, plastering, and cooking. \r\n\r\n[Spa Road Front,left,240px,180px](image)\r\n\r\nWe will have a limited amount of residential accommodation available, free-of-charge, for volunteers. If you are interested please contact the Kagyu Samye Dzong office for more details and to discuss these opportunities informally. \r\n\r\nPlease note: there are also opportunities for occasional and weekend volunteers, but please note the minimum daily time commitment is four hours. \r\n\r\n\r\nKagyu Samye Dzong London \r\n33 Manor Place \r\nLondon \r\nSE17 3BD	\r\n\r\ntel: +44 (0)20 7708 8969 \r\nemail: manorplace@samye.org','Residential Volunteer Opportunities, 2009-10: Join the Team!');
/*!40000 ALTER TABLE `article` ENABLE KEYS */;
UNLOCK TABLES;

--
-- Table structure for table `audit_log`
--

DROP TABLE IF EXISTS `audit_log`;
SET @saved_cs_client     = @@character_set_client;
SET character_set_client = utf8;
CREATE TABLE `audit_log` (
  `id` bigint(20) NOT NULL auto_increment,
  `property_name` varchar(255) default NULL,
  `last_updated` datetime NOT NULL,
  `old_value` varchar(255) default NULL,
  `actor` varchar(255) default NULL,
  `uri` varchar(255) default NULL,
  `new_value` varchar(255) default NULL,
  `persisted_object_version` bigint(20) default NULL,
  `date_created` datetime NOT NULL,
  `class_name` varchar(255) default NULL,
  `event_name` varchar(255) default NULL,
  `persisted_object_id` bigint(20) default NULL,
  PRIMARY KEY  (`id`)
) ENGINE=MyISAM AUTO_INCREMENT=693 DEFAULT CHARSET=utf8;
SET character_set_client = @saved_cs_client;

--
-- Dumping data for table `audit_log`
--

LOCK TABLES `audit_log` WRITE;
/*!40000 ALTER TABLE `audit_log` DISABLE KEYS */;
INSERT INTO `audit_log` VALUES (1,NULL,'2010-03-07 05:45:27',NULL,NULL,NULL,NULL,NULL,'2010-03-07 05:45:27','org.samye.dzong.london.media.Image','INSERT',1),(2,NULL,'2010-03-07 05:48:54',NULL,NULL,NULL,NULL,NULL,'2010-03-07 05:48:54','org.samye.dzong.london.media.Image','INSERT',2),(3,NULL,'2010-03-07 06:01:25',NULL,NULL,NULL,NULL,NULL,'2010-03-07 06:01:25','org.samye.dzong.london.media.Image','INSERT',3),(4,NULL,'2010-03-07 06:02:46',NULL,NULL,NULL,NULL,NULL,'2010-03-07 06:02:46','org.samye.dzong.london.media.Image','INSERT',4),(5,NULL,'2010-03-07 06:07:40',NULL,NULL,NULL,NULL,NULL,'2010-03-07 06:07:40','org.samye.dzong.london.media.Image','INSERT',5),(6,NULL,'2010-03-07 06:08:14',NULL,NULL,NULL,NULL,NULL,'2010-03-07 06:08:14','org.samye.dzong.london.media.Image','INSERT',6),(7,NULL,'2010-03-07 06:09:38',NULL,NULL,NULL,NULL,NULL,'2010-03-07 06:09:38','org.samye.dzong.london.media.Image','INSERT',7),(8,NULL,'2010-03-07 06:11:47',NULL,NULL,NULL,NULL,NULL,'2010-03-07 06:11:47','org.samye.dzong.london.media.Image','INSERT',8),(9,NULL,'2010-03-07 06:15:20',NULL,NULL,NULL,NULL,NULL,'2010-03-07 06:15:20','org.samye.dzong.london.media.Image','INSERT',9),(10,NULL,'2010-03-07 06:16:00',NULL,NULL,NULL,NULL,NULL,'2010-03-07 06:16:00','org.samye.dzong.london.media.Image','INSERT',10),(11,NULL,'2010-03-07 06:16:42',NULL,NULL,NULL,NULL,NULL,'2010-03-07 06:16:42','org.samye.dzong.london.media.Image','INSERT',11),(12,NULL,'2010-03-07 06:17:48',NULL,NULL,NULL,NULL,NULL,'2010-03-07 06:17:48','org.samye.dzong.london.media.Image','INSERT',12),(13,NULL,'2010-03-07 06:21:11',NULL,NULL,NULL,NULL,NULL,'2010-03-07 06:21:11','org.samye.dzong.london.media.Image','INSERT',13),(14,NULL,'2010-03-07 06:21:34',NULL,'andy@hicks.net',NULL,NULL,NULL,'2010-03-07 06:21:34','org.samye.dzong.london.community.Article','INSERT',3),(15,'publishState','2010-03-07 06:21:45','Unpublished','andy@hicks.net',NULL,'Ready For Publication',NULL,'2010-03-07 06:21:45','org.samye.dzong.london.community.Article','UPDATE',3),(16,'displayDate','2010-03-07 06:23:17','false','andy@hicks.net',NULL,'true',NULL,'2010-03-07 06:23:17','org.samye.dzong.london.community.Article','UPDATE',3),(17,'home','2010-03-07 06:23:17','false','andy@hicks.net',NULL,'true',NULL,'2010-03-07 06:23:17','org.samye.dzong.london.community.Article','UPDATE',3),(18,'datePublished','2010-03-07 06:23:17',NULL,'andy@hicks.net',NULL,'Sun Mar 07 06:23:16 EST 2010',NULL,'2010-03-07 06:23:17','org.samye.dzong.london.community.Article','UPDATE',3),(19,'displayAuthor','2010-03-07 06:23:17','false','andy@hicks.net',NULL,'true',NULL,'2010-03-07 06:23:17','org.samye.dzong.london.community.Article','UPDATE',3),(20,'publishState','2010-03-07 06:23:17','Ready For Publication','andy@hicks.net',NULL,'Published',NULL,'2010-03-07 06:23:17','org.samye.dzong.london.community.Article','UPDATE',3),(21,'summary','2010-03-07 06:23:17','The final countdown to the 2010 Oscars has begun, with The Hurt Locker and Avatar going head-to-head for the coveted best picture award.\r\nJames Cameron\'s 3D sci-fi juggernaut, which has taken more than $2bn (1.32bn) at the box office, had looked like a f','andy@hicks.net',NULL,'The final countdown to the 2010 Oscars has begun, with The Hurt Locker and Avatar going head-to-head for the coveted best picture award.\r\nJames Cameron\'s 3D sci-fi juggernaut, which has taken more than $2bn (&pound;1.32bn) at the box office, had looked li',NULL,'2010-03-07 06:23:17','org.samye.dzong.london.community.Article','UPDATE',3),(22,'content','2010-03-07 06:23:17','The final countdown to the 2010 Oscars has begun, with The Hurt Locker and Avatar going head-to-head for the coveted best picture award.\r\nJames Cameron\'s 3D sci-fi juggernaut, which has taken more than $2bn (1.32bn) at the box office, had looked like a f','andy@hicks.net',NULL,'The final countdown to the 2010 Oscars has begun, with The Hurt Locker and Avatar going head-to-head for the coveted best picture award.\r\nJames Cameron\'s 3D sci-fi juggernaut, which has taken more than $2bn (&pound;1.32bn) at the box office, had looked li',NULL,'2010-03-07 06:23:17','org.samye.dzong.london.community.Article','UPDATE',3),(23,NULL,'2010-03-07 06:32:15',NULL,NULL,NULL,NULL,NULL,'2010-03-07 06:32:15','org.samye.dzong.london.media.Image','INSERT',14),(24,NULL,'2010-03-07 06:32:45',NULL,NULL,NULL,NULL,NULL,'2010-03-07 06:32:45','org.samye.dzong.london.media.Image','INSERT',15),(25,NULL,'2010-03-07 06:35:38',NULL,NULL,NULL,NULL,NULL,'2010-03-07 06:35:38','org.samye.dzong.london.media.Image','INSERT',16),(26,NULL,'2010-03-07 06:36:28',NULL,NULL,NULL,NULL,NULL,'2010-03-07 06:36:28','org.samye.dzong.london.media.Image','INSERT',17),(27,NULL,'2010-03-07 06:41:17',NULL,NULL,NULL,NULL,NULL,'2010-03-07 06:41:17','org.samye.dzong.london.media.Image','INSERT',18),(28,NULL,'2010-03-07 06:43:00',NULL,NULL,NULL,NULL,NULL,'2010-03-07 06:43:00','org.samye.dzong.london.media.Image','INSERT',19),(29,NULL,'2010-03-07 06:47:33',NULL,NULL,NULL,NULL,NULL,'2010-03-07 06:47:33','org.samye.dzong.london.media.Image','INSERT',20),(30,NULL,'2010-03-07 06:50:01',NULL,NULL,NULL,NULL,NULL,'2010-03-07 06:50:01','org.samye.dzong.london.media.Image','INSERT',21),(31,NULL,'2010-03-07 06:51:20',NULL,NULL,NULL,NULL,NULL,'2010-03-07 06:51:20','org.samye.dzong.london.media.Image','INSERT',22),(32,NULL,'2010-03-07 06:52:46',NULL,NULL,NULL,NULL,NULL,'2010-03-07 06:52:46','org.samye.dzong.london.media.Image','INSERT',23),(33,NULL,'2010-03-07 06:53:34',NULL,NULL,NULL,NULL,NULL,'2010-03-07 06:53:34','org.samye.dzong.london.media.Image','INSERT',24),(34,NULL,'2010-03-07 06:55:06',NULL,NULL,NULL,NULL,NULL,'2010-03-07 06:55:06','org.samye.dzong.london.media.Image','INSERT',25),(35,NULL,'2010-03-07 06:59:12',NULL,NULL,NULL,NULL,NULL,'2010-03-07 06:59:12','org.samye.dzong.london.media.Image','INSERT',26),(36,NULL,'2010-03-07 06:59:38',NULL,'andy@hicks.net',NULL,NULL,NULL,'2010-03-07 06:59:38','org.samye.dzong.london.community.Article','INSERT',4),(37,'publishState','2010-03-07 06:59:42','Unpublished','andy@hicks.net',NULL,'Ready For Publication',NULL,'2010-03-07 06:59:42','org.samye.dzong.london.community.Article','UPDATE',4),(38,'displayDate','2010-03-07 07:00:13','false','andy@hicks.net',NULL,'true',NULL,'2010-03-07 07:00:13','org.samye.dzong.london.community.Article','UPDATE',4),(39,'datePublished','2010-03-07 07:00:13',NULL,'andy@hicks.net',NULL,'Sun Mar 07 07:00:12 EST 2010',NULL,'2010-03-07 07:00:13','org.samye.dzong.london.community.Article','UPDATE',4),(40,'publishState','2010-03-07 07:00:13','Ready For Publication','andy@hicks.net',NULL,'Published',NULL,'2010-03-07 07:00:13','org.samye.dzong.london.community.Article','UPDATE',4),(41,'content','2010-03-07 07:00:13','Makers of small web browsers want their programs to be given more prominence on Microsoft\'s browser choice screen.\r\nSix software firms have complained to the EU saying many do not realise their programs were on offer.\r\nTo see all 12 web browsers, users mu','andy@hicks.net',NULL,'Makers of small web browsers want their programs to be given more prominence on Microsoft\'s browser choice screen.\r\nSix software firms have complained to the EU saying many do not realise their programs were on offer.\r\nTo see all 12 web browsers, users mu',NULL,'2010-03-07 07:00:13','org.samye.dzong.london.community.Article','UPDATE',4),(42,NULL,'2010-03-07 07:02:05',NULL,NULL,NULL,NULL,NULL,'2010-03-07 07:02:05','org.samye.dzong.london.media.Image','INSERT',27),(43,NULL,'2010-03-07 07:02:35',NULL,NULL,NULL,NULL,NULL,'2010-03-07 07:02:35','org.samye.dzong.london.media.Image','INSERT',28),(44,NULL,'2010-03-07 07:05:04',NULL,'andy@hicks.net',NULL,NULL,NULL,'2010-03-07 07:05:04','org.samye.dzong.london.community.Teacher','INSERT',5),(45,'datePublished','2010-03-07 07:05:18',NULL,'andy@hicks.net',NULL,'Sun Mar 07 07:05:18 EST 2010',NULL,'2010-03-07 07:05:18','org.samye.dzong.london.community.Teacher','UPDATE',5),(46,'publishState','2010-03-07 07:05:18','Unpublished','andy@hicks.net',NULL,'Published',NULL,'2010-03-07 07:05:18','org.samye.dzong.london.community.Teacher','UPDATE',5),(47,NULL,'2010-03-07 07:05:57',NULL,'dawn.flowerdew@googlemail.com',NULL,NULL,NULL,'2010-03-07 07:05:57','org.samye.dzong.london.community.Article','INSERT',6),(48,'publishState','2010-03-07 07:06:01','Unpublished','dawn.flowerdew@googlemail.com',NULL,'Ready For Publication',NULL,'2010-03-07 07:06:01','org.samye.dzong.london.community.Article','UPDATE',6),(49,NULL,'2010-03-07 07:06:46',NULL,'andy@hicks.net',NULL,NULL,NULL,'2010-03-07 07:06:46','org.samye.dzong.london.events.Event','INSERT',7),(50,NULL,'2010-03-07 07:07:41',NULL,'dawn.flowerdew@googlemail.com',NULL,NULL,NULL,'2010-03-07 07:07:41','org.samye.dzong.london.community.Article','INSERT',8),(51,'publishState','2010-03-07 07:07:45','Unpublished','dawn.flowerdew@googlemail.com',NULL,'Ready For Publication',NULL,'2010-03-07 07:07:45','org.samye.dzong.london.community.Article','UPDATE',8),(52,'home','2010-03-07 07:10:52','false','dawn.flowerdew@googlemail.com',NULL,'true',NULL,'2010-03-07 07:10:52','org.samye.dzong.london.community.Article','UPDATE',8),(53,'datePublished','2010-03-07 07:10:52',NULL,'dawn.flowerdew@googlemail.com',NULL,'Sun Mar 07 07:10:51 EST 2010',NULL,'2010-03-07 07:10:52','org.samye.dzong.london.community.Article','UPDATE',8),(54,'publishState','2010-03-07 07:10:52','Ready For Publication','dawn.flowerdew@googlemail.com',NULL,'Published',NULL,'2010-03-07 07:10:52','org.samye.dzong.london.community.Article','UPDATE',8),(55,'image','2010-03-07 07:10:52','Golden Stupa (image/png)','dawn.flowerdew@googlemail.com',NULL,'Golden Stupa (image/png)',NULL,'2010-03-07 07:10:52','org.samye.dzong.london.community.Article','UPDATE',8),(56,'home','2010-03-07 07:12:23','false','dawn.flowerdew@googlemail.com',NULL,'true',NULL,'2010-03-07 07:12:23','org.samye.dzong.london.community.Article','UPDATE',6),(57,'datePublished','2010-03-07 07:12:23',NULL,'dawn.flowerdew@googlemail.com',NULL,'Sun Mar 07 07:12:23 EST 2010',NULL,'2010-03-07 07:12:23','org.samye.dzong.london.community.Article','UPDATE',6),(58,'publishState','2010-03-07 07:12:23','Ready For Publication','dawn.flowerdew@googlemail.com',NULL,'Published',NULL,'2010-03-07 07:12:23','org.samye.dzong.london.community.Article','UPDATE',6),(59,'summary','2010-03-07 07:12:23','The kind of meditation taught at Kagyu Samye Dzong London is called Calm Abiding meditation or Shinay in Tibetan. As the name suggests the aim of this meditation is to achieve a state of tranquillity, and then abide within this state. Learning to meditate','dawn.flowerdew@googlemail.com',NULL,'The kind of meditation taught at Kagyu Samye Dzong London is called Calm Abiding meditation or Shinay in Tibetan. As the name suggests the aim of this meditation is to achieve a state of tranquillity, and then abide within this state. Learning to meditate',NULL,'2010-03-07 07:12:23','org.samye.dzong.london.community.Article','UPDATE',6),(60,'image','2010-03-07 07:12:23','Golden Buddha (image/png)','dawn.flowerdew@googlemail.com',NULL,'Golden Buddha (image/png)',NULL,'2010-03-07 07:12:23','org.samye.dzong.london.community.Article','UPDATE',6),(61,'publishState','2010-03-07 07:14:04','Published','dawn.flowerdew@googlemail.com',NULL,'Unpublished',NULL,'2010-03-07 07:14:04','org.samye.dzong.london.community.Article','UPDATE',8),(62,'publishState','2010-03-07 07:14:12','Published','dawn.flowerdew@googlemail.com',NULL,'Unpublished',NULL,'2010-03-07 07:14:12','org.samye.dzong.london.community.Article','UPDATE',6),(63,'summary','2010-03-07 07:15:07','Buddhism is the name given to the teachings of the Buddha, and the communities that aspire to practice and realise those instructions. Buddha means awakened one, it was the name given to a historical figure bone into an Indian royal family about 625BC. As','dawn.flowerdew@googlemail.com',NULL,'Buddha means awakened one, it was the name given to a historical figure bone into an Indian royal family about 625BC. As a talented prince called Siddartha he lived a life of ease and splendor, but was never able to satisfy a deep craving for a meaningful',NULL,'2010-03-07 07:15:07','org.samye.dzong.london.community.Article','UPDATE',8),(64,'image','2010-03-07 07:15:07','Golden Stupa (image/png)','dawn.flowerdew@googlemail.com',NULL,'Golden Buddha (image/png)',NULL,'2010-03-07 07:15:07','org.samye.dzong.london.community.Article','UPDATE',8),(65,'publishState','2010-03-07 07:15:15','Unpublished','dawn.flowerdew@googlemail.com',NULL,'Ready For Publication',NULL,'2010-03-07 07:15:15','org.samye.dzong.london.community.Article','UPDATE',8),(66,'datePublished','2010-03-07 07:15:25','2010-03-07 07:10:51.0','dawn.flowerdew@googlemail.com',NULL,'Sun Mar 07 07:15:25 EST 2010',NULL,'2010-03-07 07:15:25','org.samye.dzong.london.community.Article','UPDATE',8),(67,'publishState','2010-03-07 07:15:25','Ready For Publication','dawn.flowerdew@googlemail.com',NULL,'Published',NULL,'2010-03-07 07:15:25','org.samye.dzong.london.community.Article','UPDATE',8),(68,'image','2010-03-07 07:15:25','Golden Buddha (image/png)','dawn.flowerdew@googlemail.com',NULL,'Golden Buddha (image/png)',NULL,'2010-03-07 07:15:25','org.samye.dzong.london.community.Article','UPDATE',8),(69,'publishState','2010-03-07 07:15:44','Unpublished','dawn.flowerdew@googlemail.com',NULL,'Ready For Publication',NULL,'2010-03-07 07:15:44','org.samye.dzong.london.community.Article','UPDATE',6),(70,'datePublished','2010-03-07 07:16:48','2010-03-07 07:12:23.0','dawn.flowerdew@googlemail.com',NULL,'Sun Mar 07 07:16:47 EST 2010',NULL,'2010-03-07 07:16:48','org.samye.dzong.london.community.Article','UPDATE',6),(71,'publishState','2010-03-07 07:16:48','Ready For Publication','dawn.flowerdew@googlemail.com',NULL,'Published',NULL,'2010-03-07 07:16:48','org.samye.dzong.london.community.Article','UPDATE',6),(72,'summary','2010-03-07 07:16:48','The kind of meditation taught at Kagyu Samye Dzong London is called Calm Abiding meditation or Shinay in Tibetan. As the name suggests the aim of this meditation is to achieve a state of tranquillity, and then abide within this state. Learning to meditate','dawn.flowerdew@googlemail.com',NULL,'The kind of meditation taught at Kagyu Samye Dzong London is called Calm Abiding meditation or Shinay in Tibetan. As the name suggests the aim of this meditation is to achieve a state of tranquillity, and then abide within this state. Learning to meditate',NULL,'2010-03-07 07:16:48','org.samye.dzong.london.community.Article','UPDATE',6),(73,'image','2010-03-07 07:16:48','Golden Buddha (image/png)','dawn.flowerdew@googlemail.com',NULL,'Golden Stupa (image/png)',NULL,'2010-03-07 07:16:48','org.samye.dzong.london.community.Article','UPDATE',6),(74,'content','2010-03-07 07:16:48',NULL,'dawn.flowerdew@googlemail.com',NULL,'The kind of meditation taught at Kagyu Samye Dzong London is called Calm Abiding meditation or Shinay in Tibetan. As the name suggests the aim of this meditation is to achieve a state of tranquillity, and then abide within this state. Learning to meditate',NULL,'2010-03-07 07:16:48','org.samye.dzong.london.community.Article','UPDATE',6),(75,'publishState','2010-03-07 07:17:26','Published','dawn.flowerdew@googlemail.com',NULL,'Unpublished',NULL,'2010-03-07 07:17:26','org.samye.dzong.london.community.Article','UPDATE',6),(76,'publishState','2010-03-07 07:17:29','Unpublished','dawn.flowerdew@googlemail.com',NULL,'Ready For Publication',NULL,'2010-03-07 07:17:29','org.samye.dzong.london.community.Article','UPDATE',6),(77,'datePublished','2010-03-07 07:17:59','2010-03-07 07:16:47.0','dawn.flowerdew@googlemail.com',NULL,'Sun Mar 07 07:17:59 EST 2010',NULL,'2010-03-07 07:17:59','org.samye.dzong.london.community.Article','UPDATE',6),(78,'publishState','2010-03-07 07:17:59','Ready For Publication','dawn.flowerdew@googlemail.com',NULL,'Published',NULL,'2010-03-07 07:17:59','org.samye.dzong.london.community.Article','UPDATE',6),(79,'summary','2010-03-07 07:17:59','The kind of meditation taught at Kagyu Samye Dzong London is called Calm Abiding meditation or Shinay in Tibetan. As the name suggests the aim of this meditation is to achieve a state of tranquillity, and then abide within this state. Learning to meditate','dawn.flowerdew@googlemail.com',NULL,'The kind of meditation taught at Kagyu Samye Dzong London is called Calm Abiding meditation or Shinay in Tibetan. As the name suggests the aim of this meditation is to achieve a state of tranquillity, and then abide within this state. Learning to meditate',NULL,'2010-03-07 07:17:59','org.samye.dzong.london.community.Article','UPDATE',6),(80,'image','2010-03-07 07:17:59','Golden Stupa (image/png)','dawn.flowerdew@googlemail.com',NULL,'Golden Stupa (image/png)',NULL,'2010-03-07 07:17:59','org.samye.dzong.london.community.Article','UPDATE',6),(81,'publishState','2010-03-07 07:18:26','Published','dawn.flowerdew@googlemail.com',NULL,'Unpublished',NULL,'2010-03-07 07:18:26','org.samye.dzong.london.community.Article','UPDATE',6),(82,'publishState','2010-03-07 07:18:29','Unpublished','dawn.flowerdew@googlemail.com',NULL,'Ready For Publication',NULL,'2010-03-07 07:18:29','org.samye.dzong.london.community.Article','UPDATE',6),(83,'datePublished','2010-03-07 07:18:49','2010-03-07 07:17:59.0','dawn.flowerdew@googlemail.com',NULL,'Sun Mar 07 07:18:49 EST 2010',NULL,'2010-03-07 07:18:49','org.samye.dzong.london.community.Article','UPDATE',6),(84,'publishState','2010-03-07 07:18:49','Ready For Publication','dawn.flowerdew@googlemail.com',NULL,'Published',NULL,'2010-03-07 07:18:49','org.samye.dzong.london.community.Article','UPDATE',6),(85,'summary','2010-03-07 07:18:49','The kind of meditation taught at Kagyu Samye Dzong London is called Calm Abiding meditation or Shinay in Tibetan. As the name suggests the aim of this meditation is to achieve a state of tranquillity, and then abide within this state. Learning to meditate','dawn.flowerdew@googlemail.com',NULL,'The kind of meditation taught at Kagyu Samye Dzong London is called Calm Abiding meditation or Shinay in Tibetan. As the name suggests the aim of this meditation is to achieve a state of tranquillity, and then abide within this state. Learning to meditate',NULL,'2010-03-07 07:18:49','org.samye.dzong.london.community.Article','UPDATE',6),(86,'image','2010-03-07 07:18:49','Golden Stupa (image/png)','dawn.flowerdew@googlemail.com',NULL,'Golden Stupa (image/png)',NULL,'2010-03-07 07:18:49','org.samye.dzong.london.community.Article','UPDATE',6),(87,'content','2010-03-07 07:18:49','The kind of meditation taught at Kagyu Samye Dzong London is called Calm Abiding meditation or Shinay in Tibetan. As the name suggests the aim of this meditation is to achieve a state of tranquillity, and then abide within this state. Learning to meditate','dawn.flowerdew@googlemail.com',NULL,'The kind of meditation taught at Kagyu Samye Dzong London is called Calm Abiding meditation or Shinay in Tibetan. As the name suggests the aim of this meditation is to achieve a state of tranquillity, and then abide within this state. Learning to meditate',NULL,'2010-03-07 07:18:49','org.samye.dzong.london.community.Article','UPDATE',6),(88,NULL,'2010-03-07 07:22:39',NULL,'dawn.flowerdew@googlemail.com',NULL,NULL,NULL,'2010-03-07 07:22:39','org.samye.dzong.london.community.Teacher','INSERT',9),(89,'datePublished','2010-03-07 07:22:43',NULL,'dawn.flowerdew@googlemail.com',NULL,'Sun Mar 07 07:22:43 EST 2010',NULL,'2010-03-07 07:22:43','org.samye.dzong.london.community.Teacher','UPDATE',9),(90,'publishState','2010-03-07 07:22:43','Unpublished','dawn.flowerdew@googlemail.com',NULL,'Published',NULL,'2010-03-07 07:22:43','org.samye.dzong.london.community.Teacher','UPDATE',9),(91,NULL,'2010-03-07 07:24:41',NULL,'dawn.flowerdew@googlemail.com',NULL,NULL,NULL,'2010-03-07 07:24:41','org.samye.dzong.london.community.Teacher','INSERT',10),(92,'datePublished','2010-03-07 07:24:44',NULL,'dawn.flowerdew@googlemail.com',NULL,'Sun Mar 07 07:24:44 EST 2010',NULL,'2010-03-07 07:24:44','org.samye.dzong.london.community.Teacher','UPDATE',10),(93,'publishState','2010-03-07 07:24:44','Unpublished','dawn.flowerdew@googlemail.com',NULL,'Published',NULL,'2010-03-07 07:24:44','org.samye.dzong.london.community.Teacher','UPDATE',10),(94,NULL,'2010-03-07 07:26:30',NULL,'dawn.flowerdew@googlemail.com',NULL,NULL,NULL,'2010-03-07 07:26:30','org.samye.dzong.london.community.Teacher','INSERT',11),(95,'datePublished','2010-03-07 07:26:34',NULL,'dawn.flowerdew@googlemail.com',NULL,'Sun Mar 07 07:26:34 EST 2010',NULL,'2010-03-07 07:26:34','org.samye.dzong.london.community.Teacher','UPDATE',11),(96,'publishState','2010-03-07 07:26:34','Unpublished','dawn.flowerdew@googlemail.com',NULL,'Published',NULL,'2010-03-07 07:26:34','org.samye.dzong.london.community.Teacher','UPDATE',11),(97,NULL,'2010-03-07 07:27:38',NULL,'dawn.flowerdew@googlemail.com',NULL,NULL,NULL,'2010-03-07 07:27:38','org.samye.dzong.london.community.Teacher','INSERT',12),(98,'datePublished','2010-03-07 07:27:41',NULL,'dawn.flowerdew@googlemail.com',NULL,'Sun Mar 07 07:27:41 EST 2010',NULL,'2010-03-07 07:27:41','org.samye.dzong.london.community.Teacher','UPDATE',12),(99,'publishState','2010-03-07 07:27:41','Unpublished','dawn.flowerdew@googlemail.com',NULL,'Published',NULL,'2010-03-07 07:27:41','org.samye.dzong.london.community.Teacher','UPDATE',12),(100,NULL,'2010-03-07 07:29:04',NULL,'dawn.flowerdew@googlemail.com',NULL,NULL,NULL,'2010-03-07 07:29:04','org.samye.dzong.london.community.Teacher','INSERT',13),(101,'datePublished','2010-03-07 07:29:08',NULL,'dawn.flowerdew@googlemail.com',NULL,'Sun Mar 07 07:29:08 EST 2010',NULL,'2010-03-07 07:29:08','org.samye.dzong.london.community.Teacher','UPDATE',13),(102,'publishState','2010-03-07 07:29:08','Unpublished','dawn.flowerdew@googlemail.com',NULL,'Published',NULL,'2010-03-07 07:29:08','org.samye.dzong.london.community.Teacher','UPDATE',13),(103,NULL,'2010-03-07 07:31:41',NULL,'dawn.flowerdew@googlemail.com',NULL,NULL,NULL,'2010-03-07 07:31:41','org.samye.dzong.london.community.Teacher','INSERT',14),(104,'datePublished','2010-03-07 07:31:46',NULL,'dawn.flowerdew@googlemail.com',NULL,'Sun Mar 07 07:31:46 EST 2010',NULL,'2010-03-07 07:31:46','org.samye.dzong.london.community.Teacher','UPDATE',14),(105,'publishState','2010-03-07 07:31:46','Unpublished','dawn.flowerdew@googlemail.com',NULL,'Published',NULL,'2010-03-07 07:31:46','org.samye.dzong.london.community.Teacher','UPDATE',14),(106,NULL,'2010-03-07 07:32:24',NULL,'dawn.flowerdew@googlemail.com',NULL,NULL,NULL,'2010-03-07 07:32:24','org.samye.dzong.london.community.Teacher','INSERT',15),(107,'datePublished','2010-03-07 07:32:29',NULL,'dawn.flowerdew@googlemail.com',NULL,'Sun Mar 07 07:32:29 EST 2010',NULL,'2010-03-07 07:32:29','org.samye.dzong.london.community.Teacher','UPDATE',15),(108,'publishState','2010-03-07 07:32:29','Unpublished','dawn.flowerdew@googlemail.com',NULL,'Published',NULL,'2010-03-07 07:32:29','org.samye.dzong.london.community.Teacher','UPDATE',15),(109,NULL,'2010-03-07 07:32:52',NULL,'dawn.flowerdew@googlemail.com',NULL,NULL,NULL,'2010-03-07 07:32:52','org.samye.dzong.london.community.Teacher','INSERT',16),(110,'datePublished','2010-03-07 07:33:01',NULL,'dawn.flowerdew@googlemail.com',NULL,'Sun Mar 07 07:33:01 EST 2010',NULL,'2010-03-07 07:33:01','org.samye.dzong.london.community.Teacher','UPDATE',16),(111,'publishState','2010-03-07 07:33:01','Unpublished','dawn.flowerdew@googlemail.com',NULL,'Published',NULL,'2010-03-07 07:33:01','org.samye.dzong.london.community.Teacher','UPDATE',16),(112,NULL,'2010-03-07 07:35:06',NULL,'dawn.flowerdew@googlemail.com',NULL,NULL,NULL,'2010-03-07 07:35:06','org.samye.dzong.london.events.Event','INSERT',17),(113,NULL,'2010-03-07 08:12:01',NULL,'dawn.flowerdew@googlemail.com',NULL,NULL,NULL,'2010-03-07 08:12:01','org.samye.dzong.london.events.Event','INSERT',18),(114,NULL,'2010-03-07 08:15:58',NULL,'dawn.flowerdew@googlemail.com',NULL,NULL,NULL,'2010-03-07 08:15:58','org.samye.dzong.london.events.Event','INSERT',19),(115,'displayDate','2010-03-07 08:16:22','false','dawn.flowerdew@googlemail.com',NULL,'true',NULL,'2010-03-07 08:16:22','org.samye.dzong.london.events.Event','UPDATE',19),(116,'datePublished','2010-03-07 08:16:22',NULL,'dawn.flowerdew@googlemail.com',NULL,'Sun Mar 07 08:16:21 EST 2010',NULL,'2010-03-07 08:16:22','org.samye.dzong.london.events.Event','UPDATE',19),(117,'publishState','2010-03-07 08:16:22','Unpublished','dawn.flowerdew@googlemail.com',NULL,'Published',NULL,'2010-03-07 08:16:22','org.samye.dzong.london.events.Event','UPDATE',19),(118,'leader','2010-03-07 08:16:22','Carl Miller','dawn.flowerdew@googlemail.com',NULL,'Carl Miller',NULL,'2010-03-07 08:16:22','org.samye.dzong.london.events.Event','UPDATE',19),(119,'organizer','2010-03-07 08:16:22','site@londonsamyedzong.org','dawn.flowerdew@googlemail.com',NULL,'site@londonsamyedzong.org',NULL,'2010-03-07 08:16:22','org.samye.dzong.london.events.Event','UPDATE',19),(120,'venue','2010-03-07 08:16:22','Manor Place','dawn.flowerdew@googlemail.com',NULL,'Manor Place',NULL,'2010-03-07 08:16:22','org.samye.dzong.london.events.Event','UPDATE',19),(121,NULL,'2010-03-07 08:18:43',NULL,'dawn.flowerdew@googlemail.com',NULL,NULL,NULL,'2010-03-07 08:18:43','org.samye.dzong.london.events.Event','INSERT',20),(122,'displayDate','2010-03-07 08:19:13','false','dawn.flowerdew@googlemail.com',NULL,'true',NULL,'2010-03-07 08:19:13','org.samye.dzong.london.events.Event','UPDATE',20),(123,'datePublished','2010-03-07 08:19:13',NULL,'dawn.flowerdew@googlemail.com',NULL,'Sun Mar 07 08:19:12 EST 2010',NULL,'2010-03-07 08:19:13','org.samye.dzong.london.events.Event','UPDATE',20),(124,'publishState','2010-03-07 08:19:13','Unpublished','dawn.flowerdew@googlemail.com',NULL,'Published',NULL,'2010-03-07 08:19:13','org.samye.dzong.london.events.Event','UPDATE',20),(125,'summary','2010-03-07 08:19:13','Free - All welcome. Please note that weekly meditations on Wednesday or Friday, 7pm  8pm will not take place if there is a teaching in the programme. Please check the main programme.','dawn.flowerdew@googlemail.com',NULL,'Free - All welcome. Please note that weekly meditations on Wednesday or Friday, 7pm &ndash; 8pm will not take place if there is a teaching in the programme. Please check the main programme.',NULL,'2010-03-07 08:19:13','org.samye.dzong.london.events.Event','UPDATE',20),(126,'leader','2010-03-07 08:19:13','Community','dawn.flowerdew@googlemail.com',NULL,'Community',NULL,'2010-03-07 08:19:13','org.samye.dzong.london.events.Event','UPDATE',20),(127,'venue','2010-03-07 08:19:13','Manor Place','dawn.flowerdew@googlemail.com',NULL,'Manor Place',NULL,'2010-03-07 08:19:13','org.samye.dzong.london.events.Event','UPDATE',20),(128,NULL,'2010-03-07 08:20:15',NULL,'dawn.flowerdew@googlemail.com',NULL,NULL,NULL,'2010-03-07 08:20:15','org.samye.dzong.london.community.Teacher','INSERT',21),(129,'datePublished','2010-03-07 08:20:19',NULL,'dawn.flowerdew@googlemail.com',NULL,'Sun Mar 07 08:20:18 EST 2010',NULL,'2010-03-07 08:20:19','org.samye.dzong.london.community.Teacher','UPDATE',21),(130,'publishState','2010-03-07 08:20:19','Unpublished','dawn.flowerdew@googlemail.com',NULL,'Published',NULL,'2010-03-07 08:20:19','org.samye.dzong.london.community.Teacher','UPDATE',21),(131,NULL,'2010-03-07 08:21:32',NULL,'dawn.flowerdew@googlemail.com',NULL,NULL,NULL,'2010-03-07 08:21:32','org.samye.dzong.london.events.Event','INSERT',22),(132,'displayDate','2010-03-07 08:21:56','false','dawn.flowerdew@googlemail.com',NULL,'true',NULL,'2010-03-07 08:21:56','org.samye.dzong.london.events.Event','UPDATE',22),(133,'datePublished','2010-03-07 08:21:56',NULL,'dawn.flowerdew@googlemail.com',NULL,'Sun Mar 07 08:21:55 EST 2010',NULL,'2010-03-07 08:21:56','org.samye.dzong.london.events.Event','UPDATE',22),(134,'category','2010-03-07 08:21:56','M','dawn.flowerdew@googlemail.com',NULL,'W',NULL,'2010-03-07 08:21:56','org.samye.dzong.london.events.Event','UPDATE',22),(135,'publishState','2010-03-07 08:21:56','Unpublished','dawn.flowerdew@googlemail.com',NULL,'Published',NULL,'2010-03-07 08:21:56','org.samye.dzong.london.events.Event','UPDATE',22),(136,'leader','2010-03-07 08:21:56','Tetsudo Group Leader','dawn.flowerdew@googlemail.com',NULL,'Tetsudo Group Leader',NULL,'2010-03-07 08:21:56','org.samye.dzong.london.events.Event','UPDATE',22),(137,'venue','2010-03-07 08:21:56','Manor Place','dawn.flowerdew@googlemail.com',NULL,'Manor Place',NULL,'2010-03-07 08:21:56','org.samye.dzong.london.events.Event','UPDATE',22),(138,NULL,'2010-03-07 08:24:51',NULL,'dawn.flowerdew@googlemail.com',NULL,NULL,NULL,'2010-03-07 08:24:51','org.samye.dzong.london.events.Event','INSERT',23),(139,'displayDate','2010-03-07 08:25:17','false','dawn.flowerdew@googlemail.com',NULL,'true',NULL,'2010-03-07 08:25:17','org.samye.dzong.london.events.Event','UPDATE',23),(140,'datePublished','2010-03-07 08:25:17',NULL,'dawn.flowerdew@googlemail.com',NULL,'Sun Mar 07 08:25:17 EST 2010',NULL,'2010-03-07 08:25:17','org.samye.dzong.london.events.Event','UPDATE',23),(141,'publishState','2010-03-07 08:25:18','Unpublished','dawn.flowerdew@googlemail.com',NULL,'Published',NULL,'2010-03-07 08:25:18','org.samye.dzong.london.events.Event','UPDATE',23),(142,'leader','2010-03-07 08:25:18','Gelongma Zangmo','dawn.flowerdew@googlemail.com',NULL,'Gelongma Zangmo',NULL,'2010-03-07 08:25:18','org.samye.dzong.london.events.Event','UPDATE',23),(143,'image','2010-03-07 08:25:18','Teaching in Carlisle Shrine Room (image/jpeg)','dawn.flowerdew@googlemail.com',NULL,'Teaching in Carlisle Shrine Room (image/jpeg)',NULL,'2010-03-07 08:25:18','org.samye.dzong.london.events.Event','UPDATE',23),(144,'venue','2010-03-07 08:25:18','Manor Place','dawn.flowerdew@googlemail.com',NULL,'Manor Place',NULL,'2010-03-07 08:25:18','org.samye.dzong.london.events.Event','UPDATE',23),(145,NULL,'2010-03-07 08:27:08',NULL,'dawn.flowerdew@googlemail.com',NULL,NULL,NULL,'2010-03-07 08:27:08','org.samye.dzong.london.events.Event','INSERT',24),(146,'displayDate','2010-03-07 08:27:27','false','dawn.flowerdew@googlemail.com',NULL,'true',NULL,'2010-03-07 08:27:27','org.samye.dzong.london.events.Event','UPDATE',24),(147,'datePublished','2010-03-07 08:27:27',NULL,'dawn.flowerdew@googlemail.com',NULL,'Sun Mar 07 08:27:27 EST 2010',NULL,'2010-03-07 08:27:27','org.samye.dzong.london.events.Event','UPDATE',24),(148,'publishState','2010-03-07 08:27:27','Unpublished','dawn.flowerdew@googlemail.com',NULL,'Published',NULL,'2010-03-07 08:27:27','org.samye.dzong.london.events.Event','UPDATE',24),(149,'leader','2010-03-07 08:27:27','Ginny Stuart','dawn.flowerdew@googlemail.com',NULL,'Ginny Stuart',NULL,'2010-03-07 08:27:27','org.samye.dzong.london.events.Event','UPDATE',24),(150,'image','2010-03-07 08:27:27','Yoga Class (image/jpeg)','dawn.flowerdew@googlemail.com',NULL,'Yoga Class (image/jpeg)',NULL,'2010-03-07 08:27:27','org.samye.dzong.london.events.Event','UPDATE',24),(151,'venue','2010-03-07 08:27:27','Manor Place','dawn.flowerdew@googlemail.com',NULL,'Manor Place',NULL,'2010-03-07 08:27:27','org.samye.dzong.london.events.Event','UPDATE',24),(152,NULL,'2010-03-07 08:29:39',NULL,'dawn.flowerdew@googlemail.com',NULL,NULL,NULL,'2010-03-07 08:29:39','org.samye.dzong.london.events.Event','INSERT',25),(153,'displayDate','2010-03-07 08:30:01','false','dawn.flowerdew@googlemail.com',NULL,'true',NULL,'2010-03-07 08:30:01','org.samye.dzong.london.events.Event','UPDATE',25),(154,'datePublished','2010-03-07 08:30:01',NULL,'dawn.flowerdew@googlemail.com',NULL,'Sun Mar 07 08:30:01 EST 2010',NULL,'2010-03-07 08:30:01','org.samye.dzong.london.events.Event','UPDATE',25),(155,'category','2010-03-07 08:30:01','M','dawn.flowerdew@googlemail.com',NULL,'B',NULL,'2010-03-07 08:30:01','org.samye.dzong.london.events.Event','UPDATE',25),(156,'publishState','2010-03-07 08:30:01','Unpublished','dawn.flowerdew@googlemail.com',NULL,'Published',NULL,'2010-03-07 08:30:01','org.samye.dzong.london.events.Event','UPDATE',25),(157,'leader','2010-03-07 08:30:01','Community','dawn.flowerdew@googlemail.com',NULL,'Community',NULL,'2010-03-07 08:30:01','org.samye.dzong.london.events.Event','UPDATE',25),(158,'organizer','2010-03-07 08:30:01','site@londonsamyedzong.org','dawn.flowerdew@googlemail.com',NULL,'site@londonsamyedzong.org',NULL,'2010-03-07 08:30:01','org.samye.dzong.london.events.Event','UPDATE',25),(159,'image','2010-03-07 08:30:01','Big Guru Rinpoche  (image/png)','dawn.flowerdew@googlemail.com',NULL,'Big Guru Rinpoche  (image/png)',NULL,'2010-03-07 08:30:01','org.samye.dzong.london.events.Event','UPDATE',25),(160,'venue','2010-03-07 08:30:01','Manor Place','dawn.flowerdew@googlemail.com',NULL,'Manor Place',NULL,'2010-03-07 08:30:01','org.samye.dzong.london.events.Event','UPDATE',25),(161,NULL,'2010-03-07 08:32:54',NULL,'dawn.flowerdew@googlemail.com',NULL,NULL,NULL,'2010-03-07 08:32:54','org.samye.dzong.london.events.Event','INSERT',26),(162,'displayDate','2010-03-07 08:33:11','false','dawn.flowerdew@googlemail.com',NULL,'true',NULL,'2010-03-07 08:33:11','org.samye.dzong.london.events.Event','UPDATE',26),(163,'datePublished','2010-03-07 08:33:11',NULL,'dawn.flowerdew@googlemail.com',NULL,'Sun Mar 07 08:33:11 EST 2010',NULL,'2010-03-07 08:33:11','org.samye.dzong.london.events.Event','UPDATE',26),(164,'publishState','2010-03-07 08:33:11','Unpublished','dawn.flowerdew@googlemail.com',NULL,'Published',NULL,'2010-03-07 08:33:11','org.samye.dzong.london.events.Event','UPDATE',26),(165,'summary','2010-03-07 08:33:11','ma Yeshe Losal Rinpoche, Abbot of Samye Ling Monastery and Director of the Holy Isle Project will be at Kagyu Samye Dzong London for two days of teaching. A Master who has spent many years in solitary retreat, Lama Yeshe Rinpoches teachings are always fr','dawn.flowerdew@googlemail.com',NULL,'ma Yeshe Losal Rinpoche, Abbot of Samye Ling Monastery and Director of the Holy Isle Project will be at Kagyu Samye Dzong London for two days of teaching. A Master who has spent many years in solitary retreat, Lama Yeshe Rinpoche&rsquo;s teachings are alw',NULL,'2010-03-07 08:33:11','org.samye.dzong.london.events.Event','UPDATE',26),(166,'leader','2010-03-07 08:33:11','Yeshe Losal Rinpoche','dawn.flowerdew@googlemail.com',NULL,'Yeshe Losal Rinpoche',NULL,'2010-03-07 08:33:11','org.samye.dzong.london.events.Event','UPDATE',26),(167,'organizer','2010-03-07 08:33:11','site@londonsamyedzong.org','dawn.flowerdew@googlemail.com',NULL,'site@londonsamyedzong.org',NULL,'2010-03-07 08:33:11','org.samye.dzong.london.events.Event','UPDATE',26),(168,'image','2010-03-07 08:33:11','Lama Yeshe Losal Rinpoche (image/jpeg)','dawn.flowerdew@googlemail.com',NULL,'Lama Yeshe Losal Rinpoche (image/jpeg)',NULL,'2010-03-07 08:33:11','org.samye.dzong.london.events.Event','UPDATE',26),(169,'venue','2010-03-07 08:33:11','Manor Place','dawn.flowerdew@googlemail.com',NULL,'Manor Place',NULL,'2010-03-07 08:33:11','org.samye.dzong.london.events.Event','UPDATE',26),(170,'displayDate','2010-03-07 08:33:40','false','dawn.flowerdew@googlemail.com',NULL,'true',NULL,'2010-03-07 08:33:40','org.samye.dzong.london.events.Event','UPDATE',26),(171,'datePublished','2010-03-07 08:33:40',NULL,'dawn.flowerdew@googlemail.com',NULL,'Sun Mar 07 08:33:40 EST 2010',NULL,'2010-03-07 08:33:40','org.samye.dzong.london.events.Event','UPDATE',26),(172,'publishState','2010-03-07 08:33:40','Unpublished','dawn.flowerdew@googlemail.com',NULL,'Published',NULL,'2010-03-07 08:33:40','org.samye.dzong.london.events.Event','UPDATE',26),(173,'summary','2010-03-07 08:33:40','ma Yeshe Losal Rinpoche, Abbot of Samye Ling Monastery and Director of the Holy Isle Project will be at Kagyu Samye Dzong London for two days of teaching. A Master who has spent many years in solitary retreat, Lama Yeshe Rinpoches teachings are always fr','dawn.flowerdew@googlemail.com',NULL,'ma Yeshe Losal Rinpoche, Abbot of Samye Ling Monastery and Director of the Holy Isle Project will be at Kagyu Samye Dzong London for two days of teaching. A Master who has spent many years in solitary retreat, Lama Yeshe Rinpoche&rsquo;s teachings are alw',NULL,'2010-03-07 08:33:40','org.samye.dzong.london.events.Event','UPDATE',26),(174,'leader','2010-03-07 08:33:40','Yeshe Losal Rinpoche','dawn.flowerdew@googlemail.com',NULL,'Yeshe Losal Rinpoche',NULL,'2010-03-07 08:33:40','org.samye.dzong.london.events.Event','UPDATE',26),(175,'organizer','2010-03-07 08:33:40','site@londonsamyedzong.org','dawn.flowerdew@googlemail.com',NULL,'site@londonsamyedzong.org',NULL,'2010-03-07 08:33:40','org.samye.dzong.london.events.Event','UPDATE',26),(176,'image','2010-03-07 08:33:40','Lama Yeshe Losal Rinpoche (image/jpeg)','dawn.flowerdew@googlemail.com',NULL,'Lama Yeshe Losal Rinpoche (image/jpeg)',NULL,'2010-03-07 08:33:40','org.samye.dzong.london.events.Event','UPDATE',26),(177,'venue','2010-03-07 08:33:40','Manor Place','dawn.flowerdew@googlemail.com',NULL,'Manor Place',NULL,'2010-03-07 08:33:40','org.samye.dzong.london.events.Event','UPDATE',26),(178,'displayDate','2010-03-07 08:33:52','false','dawn.flowerdew@googlemail.com',NULL,'true',NULL,'2010-03-07 08:33:52','org.samye.dzong.london.events.Event','UPDATE',26),(179,'datePublished','2010-03-07 08:33:52',NULL,'dawn.flowerdew@googlemail.com',NULL,'Sun Mar 07 08:33:51 EST 2010',NULL,'2010-03-07 08:33:52','org.samye.dzong.london.events.Event','UPDATE',26),(180,'publishState','2010-03-07 08:33:52','Unpublished','dawn.flowerdew@googlemail.com',NULL,'Published',NULL,'2010-03-07 08:33:52','org.samye.dzong.london.events.Event','UPDATE',26),(181,'summary','2010-03-07 08:33:52','ma Yeshe Losal Rinpoche, Abbot of Samye Ling Monastery and Director of the Holy Isle Project will be at Kagyu Samye Dzong London for two days of teaching. A Master who has spent many years in solitary retreat, Lama Yeshe Rinpoches teachings are always fr','dawn.flowerdew@googlemail.com',NULL,'ma Yeshe Losal Rinpoche, Abbot of Samye Ling Monastery and Director of the Holy Isle Project will be at Kagyu Samye Dzong London for two days of teaching. A Master who has spent many years in solitary retreat, Lama Yeshe Rinpoche&rsquo;s teachings are alw',NULL,'2010-03-07 08:33:52','org.samye.dzong.london.events.Event','UPDATE',26),(182,'leader','2010-03-07 08:33:52','Yeshe Losal Rinpoche','dawn.flowerdew@googlemail.com',NULL,'Yeshe Losal Rinpoche',NULL,'2010-03-07 08:33:52','org.samye.dzong.london.events.Event','UPDATE',26),(183,'organizer','2010-03-07 08:33:52','site@londonsamyedzong.org','dawn.flowerdew@googlemail.com',NULL,'site@londonsamyedzong.org',NULL,'2010-03-07 08:33:52','org.samye.dzong.london.events.Event','UPDATE',26),(184,'image','2010-03-07 08:33:52','Lama Yeshe Losal Rinpoche (image/jpeg)','dawn.flowerdew@googlemail.com',NULL,'Lama Yeshe Losal Rinpoche (image/jpeg)',NULL,'2010-03-07 08:33:52','org.samye.dzong.london.events.Event','UPDATE',26),(185,'venue','2010-03-07 08:33:52','Manor Place','dawn.flowerdew@googlemail.com',NULL,'Manor Place',NULL,'2010-03-07 08:33:52','org.samye.dzong.london.events.Event','UPDATE',26),(186,NULL,'2010-03-07 08:38:54',NULL,'dawn.flowerdew@googlemail.com',NULL,NULL,NULL,'2010-03-07 08:38:54','org.samye.dzong.london.events.Event','INSERT',27),(187,'displayDate','2010-03-07 08:39:07','false','dawn.flowerdew@googlemail.com',NULL,'true',NULL,'2010-03-07 08:39:07','org.samye.dzong.london.events.Event','UPDATE',27),(188,'datePublished','2010-03-07 08:39:07',NULL,'dawn.flowerdew@googlemail.com',NULL,'Sun Mar 07 08:39:07 EST 2010',NULL,'2010-03-07 08:39:07','org.samye.dzong.london.events.Event','UPDATE',27),(189,'publishState','2010-03-07 08:39:07','Unpublished','dawn.flowerdew@googlemail.com',NULL,'Published',NULL,'2010-03-07 08:39:07','org.samye.dzong.london.events.Event','UPDATE',27),(190,'leader','2010-03-07 08:39:07','Gelongma Zangmo','dawn.flowerdew@googlemail.com',NULL,'Gelongma Zangmo',NULL,'2010-03-07 08:39:07','org.samye.dzong.london.events.Event','UPDATE',27),(191,'organizer','2010-03-07 08:39:07','site@londonsamyedzong.org','dawn.flowerdew@googlemail.com',NULL,'site@londonsamyedzong.org',NULL,'2010-03-07 08:39:07','org.samye.dzong.london.events.Event','UPDATE',27),(192,'image','2010-03-07 08:39:07','Teaching in Carlisle Shrine Room (image/jpeg)','dawn.flowerdew@googlemail.com',NULL,'Teaching in Carlisle Shrine Room (image/jpeg)',NULL,'2010-03-07 08:39:07','org.samye.dzong.london.events.Event','UPDATE',27),(193,'venue','2010-03-07 08:39:07','Manor Place','dawn.flowerdew@googlemail.com',NULL,'Manor Place',NULL,'2010-03-07 08:39:07','org.samye.dzong.london.events.Event','UPDATE',27),(194,NULL,'2010-03-07 08:41:25',NULL,'dawn.flowerdew@googlemail.com',NULL,NULL,NULL,'2010-03-07 08:41:25','org.samye.dzong.london.community.Article','INSERT',28),(195,'publishState','2010-03-07 08:41:30','Unpublished','dawn.flowerdew@googlemail.com',NULL,'Ready For Publication',NULL,'2010-03-07 08:41:30','org.samye.dzong.london.community.Article','UPDATE',28),(196,'home','2010-03-07 08:41:51','false','dawn.flowerdew@googlemail.com',NULL,'true',NULL,'2010-03-07 08:41:51','org.samye.dzong.london.community.Article','UPDATE',28),(197,'datePublished','2010-03-07 08:41:51',NULL,'dawn.flowerdew@googlemail.com',NULL,'Sun Mar 07 08:41:51 EST 2010',NULL,'2010-03-07 08:41:51','org.samye.dzong.london.community.Article','UPDATE',28),(198,'publishState','2010-03-07 08:41:51','Ready For Publication','dawn.flowerdew@googlemail.com',NULL,'Published',NULL,'2010-03-07 08:41:51','org.samye.dzong.london.community.Article','UPDATE',28),(199,'image','2010-03-07 08:41:51','Hands (image/jpeg)','dawn.flowerdew@googlemail.com',NULL,'Hands (image/jpeg)',NULL,'2010-03-07 08:41:51','org.samye.dzong.london.community.Article','UPDATE',28),(200,NULL,'2010-03-07 08:42:47',NULL,'dawn.flowerdew@googlemail.com',NULL,NULL,NULL,'2010-03-07 08:42:47','org.samye.dzong.london.community.Article','INSERT',29),(201,'publishState','2010-03-07 08:42:50','Unpublished','dawn.flowerdew@googlemail.com',NULL,'Ready For Publication',NULL,'2010-03-07 08:42:50','org.samye.dzong.london.community.Article','UPDATE',29),(202,'home','2010-03-07 08:43:05','false','dawn.flowerdew@googlemail.com',NULL,'true',NULL,'2010-03-07 08:43:05','org.samye.dzong.london.community.Article','UPDATE',29),(203,'datePublished','2010-03-07 08:43:05',NULL,'dawn.flowerdew@googlemail.com',NULL,'Sun Mar 07 08:43:05 EST 2010',NULL,'2010-03-07 08:43:05','org.samye.dzong.london.community.Article','UPDATE',29),(204,'publishState','2010-03-07 08:43:05','Ready For Publication','dawn.flowerdew@googlemail.com',NULL,'Published',NULL,'2010-03-07 08:43:05','org.samye.dzong.london.community.Article','UPDATE',29),(205,'image','2010-03-07 08:43:05','White Tara (image/png)','dawn.flowerdew@googlemail.com',NULL,'White Tara (image/png)',NULL,'2010-03-07 08:43:05','org.samye.dzong.london.community.Article','UPDATE',29),(206,NULL,'2010-03-07 08:45:10',NULL,'dawn.flowerdew@googlemail.com',NULL,NULL,NULL,'2010-03-07 08:45:10','org.samye.dzong.london.community.Article','INSERT',30),(207,'publishState','2010-03-07 08:45:13','Unpublished','dawn.flowerdew@googlemail.com',NULL,'Ready For Publication',NULL,'2010-03-07 08:45:13','org.samye.dzong.london.community.Article','UPDATE',30),(208,'displayDate','2010-03-07 08:45:36','false','dawn.flowerdew@googlemail.com',NULL,'true',NULL,'2010-03-07 08:45:36','org.samye.dzong.london.community.Article','UPDATE',30),(209,'home','2010-03-07 08:45:36','false','dawn.flowerdew@googlemail.com',NULL,'true',NULL,'2010-03-07 08:45:36','org.samye.dzong.london.community.Article','UPDATE',30),(210,'datePublished','2010-03-07 08:45:36',NULL,'dawn.flowerdew@googlemail.com',NULL,'Sun Mar 07 08:45:36 EST 2010',NULL,'2010-03-07 08:45:36','org.samye.dzong.london.community.Article','UPDATE',30),(211,'featured','2010-03-07 08:45:36','false','dawn.flowerdew@googlemail.com',NULL,'true',NULL,'2010-03-07 08:45:36','org.samye.dzong.london.community.Article','UPDATE',30),(212,'publishState','2010-03-07 08:45:36','Ready For Publication','dawn.flowerdew@googlemail.com',NULL,'Published',NULL,'2010-03-07 08:45:36','org.samye.dzong.london.community.Article','UPDATE',30),(213,'image','2010-03-07 08:45:36','Spa Road (image/jpeg)','dawn.flowerdew@googlemail.com',NULL,'Spa Road (image/jpeg)',NULL,'2010-03-07 08:45:36','org.samye.dzong.london.community.Article','UPDATE',30),(214,'content','2010-03-07 08:45:36','Kagyu Samye Dzong London will soon be taking up residence in a new building. For the foreseeable future 33 Manor Place will remain open. Meanwhile work is underway at 15 Spa Road. What will this new building bring to London? We hope everyone will find som','dawn.flowerdew@googlemail.com',NULL,'Kagyu Samye Dzong London will soon be taking up residence in a new building. For the foreseeable future 33 Manor Place will remain open. Meanwhile work is underway at 15 Spa Road. What will this new building bring to London? We hope everyone will find som',NULL,'2010-03-07 08:45:36','org.samye.dzong.london.community.Article','UPDATE',30),(215,'deleted','2010-03-07 09:07:55','false','andy@hicks.net',NULL,'true',NULL,'2010-03-07 09:07:55','org.samye.dzong.london.community.Teacher','UPDATE',5),(216,'publishState','2010-03-07 09:07:55','Published','andy@hicks.net',NULL,'Unpublished',NULL,'2010-03-07 09:07:55','org.samye.dzong.london.community.Teacher','UPDATE',5),(217,'deleted','2010-03-07 09:24:55','false','andy@hicks.net',NULL,'true',NULL,'2010-03-07 09:24:55','org.samye.dzong.london.community.Article','UPDATE',4),(218,'publishState','2010-03-07 09:24:55','Published','andy@hicks.net',NULL,'Unpublished',NULL,'2010-03-07 09:24:55','org.samye.dzong.london.community.Article','UPDATE',4),(219,'deleted','2010-03-07 09:25:10','false','andy@hicks.net',NULL,'true',NULL,'2010-03-07 09:25:10','org.samye.dzong.london.community.Article','UPDATE',3),(220,'publishState','2010-03-07 09:25:10','Published','andy@hicks.net',NULL,'Unpublished',NULL,'2010-03-07 09:25:10','org.samye.dzong.london.community.Article','UPDATE',3),(221,NULL,'2010-03-08 16:49:38',NULL,NULL,NULL,NULL,NULL,'2010-03-08 16:49:38','org.samye.dzong.london.media.Image','INSERT',29),(222,'publishState','2010-03-08 16:50:00','Published','dawn.flowerdew@googlemail.com',NULL,'Unpublished',NULL,'2010-03-08 16:50:00','org.samye.dzong.london.community.Teacher','UPDATE',15),(223,'datePublished','2010-03-08 16:50:03','2010-03-07 07:32:29.0','dawn.flowerdew@googlemail.com',NULL,'Mon Mar 08 16:50:03 EST 2010',NULL,'2010-03-08 16:50:03','org.samye.dzong.london.community.Teacher','UPDATE',15),(224,'publishState','2010-03-08 16:50:03','Unpublished','dawn.flowerdew@googlemail.com',NULL,'Published',NULL,'2010-03-08 16:50:03','org.samye.dzong.london.community.Teacher','UPDATE',15),(225,'publishState','2010-03-08 16:50:25','Published','dawn.flowerdew@googlemail.com',NULL,'Unpublished',NULL,'2010-03-08 16:50:25','org.samye.dzong.london.community.Teacher','UPDATE',15),(226,'image','2010-03-08 16:50:37',NULL,'dawn.flowerdew@googlemail.com',NULL,'Gold Lotus Endless Knot (image/png)',NULL,'2010-03-08 16:50:37','org.samye.dzong.london.community.Teacher','UPDATE',15),(227,'datePublished','2010-03-08 16:50:41','2010-03-08 16:50:03.0','dawn.flowerdew@googlemail.com',NULL,'Mon Mar 08 16:50:41 EST 2010',NULL,'2010-03-08 16:50:41','org.samye.dzong.london.community.Teacher','UPDATE',15),(228,'publishState','2010-03-08 16:50:41','Unpublished','dawn.flowerdew@googlemail.com',NULL,'Published',NULL,'2010-03-08 16:50:41','org.samye.dzong.london.community.Teacher','UPDATE',15),(229,NULL,'2010-03-21 07:41:04',NULL,'bernardmordan@yahoo.co.uk',NULL,NULL,NULL,'2010-03-21 07:41:04','org.samye.dzong.london.community.Article','INSERT',31),(230,NULL,'2010-03-21 07:43:09',NULL,NULL,NULL,NULL,NULL,'2010-03-21 07:43:09','org.samye.dzong.london.media.Image','INSERT',30),(231,'image','2010-03-21 07:43:37',NULL,'bernardmordan@yahoo.co.uk',NULL,'fMRI scanner (image/jpeg)',NULL,'2010-03-21 07:43:37','org.samye.dzong.london.community.Article','UPDATE',31),(232,'content','2010-03-21 07:43:37','Tashi Zangpo, the monk at Kagyu Samye Dzong London Tibetan Buddhist Centre, asked me if I was going to take part in a piece of research on meditation and the brain. It was the first I had heard of Dr Elena Antonovas project based in Kings College London','bernardmordan@yahoo.co.uk',NULL,'Tashi Zangpo, the monk at Kagyu Samye Dzong London Tibetan Buddhist Centre, asked me if I was going to take part in a piece of research on meditation and the brain. It was the first I had heard of Dr Elena Antonova&rsquo;s project based in King&rsquo;s Co',NULL,'2010-03-21 07:43:37','org.samye.dzong.london.community.Article','UPDATE',31),(233,NULL,'2010-03-21 07:48:28',NULL,'bernardmordan@yahoo.co.uk',NULL,NULL,NULL,'2010-03-21 07:48:28','org.samye.dzong.london.community.Article','INSERT',32),(234,NULL,'2010-03-21 07:50:04',NULL,NULL,NULL,NULL,NULL,'2010-03-21 07:50:04','org.samye.dzong.london.media.Image','INSERT',31),(235,'image','2010-03-21 07:53:27',NULL,'bernardmordan@yahoo.co.uk',NULL,'1000 buddhas in saamye ling (image/jpeg)',NULL,'2010-03-21 07:53:27','org.samye.dzong.london.community.Article','UPDATE',32),(236,'content','2010-03-21 07:53:27','Sept 09 - 1,000 Buddhas from Tibet coming to Bermonsey South London\r\n\r\nBuddhists in Bermondsey\'s old public library are working hard on an unusual restoration project. Having taken over an old building used by the council they are busy removing the artifi','bernardmordan@yahoo.co.uk',NULL,'Sept 09 - 1,000 Buddhas from Tibet coming to Bermonsey South London\r\n\r\nBuddhists in Bermondsey\'s old public library are working hard on an unusual restoration project. Having taken over an old building used by the council they are busy removing the artifi',NULL,'2010-03-21 07:53:27','org.samye.dzong.london.community.Article','UPDATE',32),(237,'image','2010-03-21 07:54:41','fMRI scanner (image/jpeg)','bernardmordan@yahoo.co.uk',NULL,'fMRI scanner (image/jpeg)',NULL,'2010-03-21 07:54:41','org.samye.dzong.london.community.Article','UPDATE',31),(238,'content','2010-03-21 07:54:41','Tashi Zangpo, the monk at Kagyu Samye Dzong London Tibetan Buddhist Centre, asked me if I was going to take part in a piece of research on meditation and the brain. It was the first I had heard of Dr Elena Antonova&rsquo;s project based in King&rsquo;s Co','bernardmordan@yahoo.co.uk',NULL,'Tashi Zangpo, the monk at Kagyu Samye Dzong London Tibetan Buddhist Centre, asked me if I was going to take part in a piece of research on meditation and the brain. It was the first I had heard of Dr Elena Antonova&amp;rsquo;s project based in King&amp;rs',NULL,'2010-03-21 07:54:41','org.samye.dzong.london.community.Article','UPDATE',31),(239,'publishState','2010-03-21 07:54:46','Unpublished','bernardmordan@yahoo.co.uk',NULL,'Ready For Publication',NULL,'2010-03-21 07:54:46','org.samye.dzong.london.community.Article','UPDATE',31),(240,'publishState','2010-03-21 07:57:06','Ready For Publication','bernardmordan@yahoo.co.uk',NULL,'Unpublished',NULL,'2010-03-21 07:57:06','org.samye.dzong.london.community.Article','UPDATE',31),(241,'image','2010-03-21 07:58:28','fMRI scanner (image/jpeg)','bernardmordan@yahoo.co.uk',NULL,'fMRI scanner (image/jpeg)',NULL,'2010-03-21 07:58:28','org.samye.dzong.london.community.Article','UPDATE',31),(242,'content','2010-03-21 07:58:28','Tashi Zangpo, the monk at Kagyu Samye Dzong London Tibetan Buddhist Centre, asked me if I was going to take part in a piece of research on meditation and the brain. It was the first I had heard of Dr Elena Antonova&amp;rsquo;s project based in King&amp;rs','bernardmordan@yahoo.co.uk',NULL,'Tashi Zangpo, the monk at Kagyu Samye Dzong London Tibetan Buddhist Centre, asked me if I was going to take part in a piece of research on meditation and the brain. It was the first I had heard of Dr Elena Antonova&amp;amp;rsquo;s project based in King&am',NULL,'2010-03-21 07:58:28','org.samye.dzong.london.community.Article','UPDATE',31),(243,'image','2010-03-21 07:58:41','fMRI scanner (image/jpeg)','bernardmordan@yahoo.co.uk',NULL,'fMRI scanner (image/jpeg)',NULL,'2010-03-21 07:58:41','org.samye.dzong.london.community.Article','UPDATE',31),(244,'content','2010-03-21 07:58:41','Tashi Zangpo, the monk at Kagyu Samye Dzong London Tibetan Buddhist Centre, asked me if I was going to take part in a piece of research on meditation and the brain. It was the first I had heard of Dr Elena Antonova&amp;amp;rsquo;s project based in King&am','bernardmordan@yahoo.co.uk',NULL,'Tashi Zangpo, the monk at Kagyu Samye Dzong London Tibetan Buddhist Centre, asked me if I was going to take part in a piece of research on meditation and the brain. It was the first I had heard of Dr Elena Antonova&amp;amp;amp;rsquo;s project based in Kin',NULL,'2010-03-21 07:58:41','org.samye.dzong.london.community.Article','UPDATE',31),(245,'image','2010-03-21 08:01:07','fMRI scanner (image/jpeg)','bernardmordan@yahoo.co.uk',NULL,'fMRI scanner (image/jpeg)',NULL,'2010-03-21 08:01:07','org.samye.dzong.london.community.Article','UPDATE',31),(246,'content','2010-03-21 08:01:07','Tashi Zangpo, the monk at Kagyu Samye Dzong London Tibetan Buddhist Centre, asked me if I was going to take part in a piece of research on meditation and the brain. It was the first I had heard of Dr Elena Antonova&amp;amp;amp;rsquo;s project based in Kin','bernardmordan@yahoo.co.uk',NULL,'Tashi Zangpo, the monk at Kagyu Samye Dzong London Tibetan Buddhist Centre, asked me if I was going to take part in a piece of research on meditation and the brain. It was the first I had heard of Dr Elena Antonova\'s project based in King\'s College London',NULL,'2010-03-21 08:01:07','org.samye.dzong.london.community.Article','UPDATE',31),(247,'publishState','2010-03-21 08:01:13','Unpublished','bernardmordan@yahoo.co.uk',NULL,'Ready For Publication',NULL,'2010-03-21 08:01:13','org.samye.dzong.london.community.Article','UPDATE',31),(248,'image','2010-03-21 08:01:31','fMRI scanner (image/jpeg)','bernardmordan@yahoo.co.uk',NULL,'fMRI scanner (image/jpeg)',NULL,'2010-03-21 08:01:31','org.samye.dzong.london.community.Article','UPDATE',31),(249,'content','2010-03-21 08:01:31','Tashi Zangpo, the monk at Kagyu Samye Dzong London Tibetan Buddhist Centre, asked me if I was going to take part in a piece of research on meditation and the brain. It was the first I had heard of Dr Elena Antonova\'s project based in King\'s College London','bernardmordan@yahoo.co.uk',NULL,'Tashi Zangpo, the monk at Kagyu Samye Dzong London Tibetan Buddhist Centre, asked me if I was going to take part in a piece of research on meditation and the brain. It was the first I had heard of Dr Elena Antonova\'s project based in King\'s College London',NULL,'2010-03-21 08:01:31','org.samye.dzong.london.community.Article','UPDATE',31),(250,'home','2010-03-21 08:50:29','false','dawn.flowerdew@googlemail.com',NULL,'true',NULL,'2010-03-21 08:50:29','org.samye.dzong.london.community.Article','UPDATE',31),(251,'datePublished','2010-03-21 08:50:29',NULL,'dawn.flowerdew@googlemail.com',NULL,'Sun Mar 21 08:50:28 EDT 2010',NULL,'2010-03-21 08:50:29','org.samye.dzong.london.community.Article','UPDATE',31),(252,'publishState','2010-03-21 08:50:29','Ready For Publication','dawn.flowerdew@googlemail.com',NULL,'Published',NULL,'2010-03-21 08:50:29','org.samye.dzong.london.community.Article','UPDATE',31),(253,'image','2010-03-21 08:50:29','fMRI scanner (image/jpeg)','dawn.flowerdew@googlemail.com',NULL,'fMRI scanner (image/jpeg)',NULL,'2010-03-21 08:50:29','org.samye.dzong.london.community.Article','UPDATE',31),(254,'content','2010-03-21 08:50:29','Tashi Zangpo, the monk at Kagyu Samye Dzong London Tibetan Buddhist Centre, asked me if I was going to take part in a piece of research on meditation and the brain. It was the first I had heard of Dr Elena Antonova\'s project based in King\'s College London','dawn.flowerdew@googlemail.com',NULL,'Tashi Zangpo, the monk at Kagyu Samye Dzong London Tibetan Buddhist Centre, asked me if I was going to take part in a piece of research on meditation and the brain. It was the first I had heard of Dr Elena Antonova\'s project based in King\'s College London',NULL,'2010-03-21 08:50:29','org.samye.dzong.london.community.Article','UPDATE',31),(255,'publishState','2010-03-21 08:51:01','Published','dawn.flowerdew@googlemail.com',NULL,'Unpublished',NULL,'2010-03-21 08:51:01','org.samye.dzong.london.community.Article','UPDATE',31),(256,'publishState','2010-03-21 08:51:04','Unpublished','dawn.flowerdew@googlemail.com',NULL,'Ready For Publication',NULL,'2010-03-21 08:51:04','org.samye.dzong.london.community.Article','UPDATE',31),(257,'home','2010-03-21 08:51:19','true','dawn.flowerdew@googlemail.com',NULL,'false',NULL,'2010-03-21 08:51:19','org.samye.dzong.london.community.Article','UPDATE',31),(258,'datePublished','2010-03-21 08:51:19','2010-03-21 08:50:28.0','dawn.flowerdew@googlemail.com',NULL,'Sun Mar 21 08:51:19 EDT 2010',NULL,'2010-03-21 08:51:19','org.samye.dzong.london.community.Article','UPDATE',31),(259,'featured','2010-03-21 08:51:19','false','dawn.flowerdew@googlemail.com',NULL,'true',NULL,'2010-03-21 08:51:19','org.samye.dzong.london.community.Article','UPDATE',31),(260,'publishState','2010-03-21 08:51:19','Ready For Publication','dawn.flowerdew@googlemail.com',NULL,'Published',NULL,'2010-03-21 08:51:19','org.samye.dzong.london.community.Article','UPDATE',31),(261,'image','2010-03-21 08:51:19','fMRI scanner (image/jpeg)','dawn.flowerdew@googlemail.com',NULL,'fMRI scanner (image/jpeg)',NULL,'2010-03-21 08:51:19','org.samye.dzong.london.community.Article','UPDATE',31),(262,'content','2010-03-21 08:51:20','Tashi Zangpo, the monk at Kagyu Samye Dzong London Tibetan Buddhist Centre, asked me if I was going to take part in a piece of research on meditation and the brain. It was the first I had heard of Dr Elena Antonova\'s project based in King\'s College London','dawn.flowerdew@googlemail.com',NULL,'Tashi Zangpo, the monk at Kagyu Samye Dzong London Tibetan Buddhist Centre, asked me if I was going to take part in a piece of research on meditation and the brain. It was the first I had heard of Dr Elena Antonova\'s project based in King\'s College London',NULL,'2010-03-21 08:51:20','org.samye.dzong.london.community.Article','UPDATE',31),(263,'publishState','2010-03-21 08:51:47','Published','dawn.flowerdew@googlemail.com',NULL,'Unpublished',NULL,'2010-03-21 08:51:47','org.samye.dzong.london.community.Article','UPDATE',31),(264,'publishState','2010-03-21 08:51:54','Unpublished','dawn.flowerdew@googlemail.com',NULL,'Ready For Publication',NULL,'2010-03-21 08:51:54','org.samye.dzong.london.community.Article','UPDATE',31),(265,'datePublished','2010-03-21 08:52:47','2010-03-21 08:51:19.0','dawn.flowerdew@googlemail.com',NULL,'Sun Mar 21 08:52:46 EDT 2010',NULL,'2010-03-21 08:52:47','org.samye.dzong.london.community.Article','UPDATE',31),(266,'publishState','2010-03-21 08:52:47','Ready For Publication','dawn.flowerdew@googlemail.com',NULL,'Published',NULL,'2010-03-21 08:52:47','org.samye.dzong.london.community.Article','UPDATE',31),(267,'image','2010-03-21 08:52:47','fMRI scanner (image/jpeg)','dawn.flowerdew@googlemail.com',NULL,NULL,NULL,'2010-03-21 08:52:47','org.samye.dzong.london.community.Article','UPDATE',31),(268,'content','2010-03-21 08:52:47','Tashi Zangpo, the monk at Kagyu Samye Dzong London Tibetan Buddhist Centre, asked me if I was going to take part in a piece of research on meditation and the brain. It was the first I had heard of Dr Elena Antonova\'s project based in King\'s College London','dawn.flowerdew@googlemail.com',NULL,'Tashi Zangpo, the monk at Kagyu Samye Dzong London Tibetan Buddhist Centre, asked me if I was going to take part in a piece of research on meditation and the brain. It was the first I had heard of Dr Elena Antonova\'s project based in King\'s College London',NULL,'2010-03-21 08:52:47','org.samye.dzong.london.community.Article','UPDATE',31),(269,NULL,'2010-03-28 07:06:56',NULL,'neil.thurman@gmail.com',NULL,NULL,NULL,'2010-03-28 07:06:56','org.samye.dzong.london.events.Event','INSERT',33),(270,'publishState','2010-03-28 07:07:04','Unpublished','neil.thurman@gmail.com',NULL,'Ready For Publication',NULL,'2010-03-28 07:07:04','org.samye.dzong.london.events.Event','UPDATE',33),(271,NULL,'2010-03-28 07:16:26',NULL,'neil.thurman@gmail.com',NULL,NULL,NULL,'2010-03-28 07:16:26','org.samye.dzong.london.community.Article','INSERT',34),(272,'publishState','2010-03-28 07:16:30','Unpublished','neil.thurman@gmail.com',NULL,'Ready For Publication',NULL,'2010-03-28 07:16:30','org.samye.dzong.london.community.Article','UPDATE',34),(273,'datePublished','2010-03-28 07:17:18',NULL,'neil.thurman@gmail.com',NULL,'Sun Mar 28 07:17:18 EDT 2010',NULL,'2010-03-28 07:17:18','org.samye.dzong.london.community.Article','UPDATE',34),(274,'featured','2010-03-28 07:17:18','false','neil.thurman@gmail.com',NULL,'true',NULL,'2010-03-28 07:17:18','org.samye.dzong.london.community.Article','UPDATE',34),(275,'publishState','2010-03-28 07:17:18','Ready For Publication','neil.thurman@gmail.com',NULL,'Published',NULL,'2010-03-28 07:17:18','org.samye.dzong.london.community.Article','UPDATE',34),(276,'image','2010-03-28 07:17:18','Golden Stupa (image/png)','neil.thurman@gmail.com',NULL,'Golden Stupa (image/png)',NULL,'2010-03-28 07:17:18','org.samye.dzong.london.community.Article','UPDATE',34),(277,'displayDate','2010-03-28 07:18:40','false','neil.thurman@gmail.com',NULL,'true',NULL,'2010-03-28 07:18:40','org.samye.dzong.london.events.Event','UPDATE',33),(278,'datePublished','2010-03-28 07:18:40',NULL,'neil.thurman@gmail.com',NULL,'Sun Mar 28 07:18:40 EDT 2010',NULL,'2010-03-28 07:18:40','org.samye.dzong.london.events.Event','UPDATE',33),(279,'publishState','2010-03-28 07:18:40','Ready For Publication','neil.thurman@gmail.com',NULL,'Published',NULL,'2010-03-28 07:18:40','org.samye.dzong.london.events.Event','UPDATE',33),(280,'leader','2010-03-28 07:18:40','Yeshe Losal Rinpoche','neil.thurman@gmail.com',NULL,'Yeshe Losal Rinpoche',NULL,'2010-03-28 07:18:40','org.samye.dzong.london.events.Event','UPDATE',33),(281,'image','2010-03-28 07:18:40','Lama Yeshe Losal Rinpoche (image/jpeg)','neil.thurman@gmail.com',NULL,'Lama Yeshe Losal Rinpoche (image/jpeg)',NULL,'2010-03-28 07:18:40','org.samye.dzong.london.events.Event','UPDATE',33),(282,'venue','2010-03-28 07:18:40','Manor Place','neil.thurman@gmail.com',NULL,'Manor Place',NULL,'2010-03-28 07:18:40','org.samye.dzong.london.events.Event','UPDATE',33),(283,'publishState','2010-03-28 07:20:17','Published','neil.thurman@gmail.com',NULL,'Unpublished',NULL,'2010-03-28 07:20:17','org.samye.dzong.london.events.Event','UPDATE',33),(284,'datePublished','2010-03-28 07:20:39','2010-03-28 07:18:40.0','neil.thurman@gmail.com',NULL,'Sun Mar 28 07:20:39 EDT 2010',NULL,'2010-03-28 07:20:39','org.samye.dzong.london.events.Event','UPDATE',33),(285,'category','2010-03-28 07:20:39','B','neil.thurman@gmail.com',NULL,'M',NULL,'2010-03-28 07:20:39','org.samye.dzong.london.events.Event','UPDATE',33),(286,'publishState','2010-03-28 07:20:39','Unpublished','neil.thurman@gmail.com',NULL,'Published',NULL,'2010-03-28 07:20:39','org.samye.dzong.london.events.Event','UPDATE',33),(287,'leader','2010-03-28 07:20:39','Yeshe Losal Rinpoche','neil.thurman@gmail.com',NULL,'Yeshe Losal Rinpoche',NULL,'2010-03-28 07:20:39','org.samye.dzong.london.events.Event','UPDATE',33),(288,'image','2010-03-28 07:20:39','Lama Yeshe Losal Rinpoche (image/jpeg)','neil.thurman@gmail.com',NULL,'Lama Yeshe Losal Rinpoche (image/jpeg)',NULL,'2010-03-28 07:20:39','org.samye.dzong.london.events.Event','UPDATE',33),(289,'venue','2010-03-28 07:20:39','Manor Place','neil.thurman@gmail.com',NULL,'Manor Place',NULL,'2010-03-28 07:20:39','org.samye.dzong.london.events.Event','UPDATE',33),(290,'datePublished','2010-03-28 07:21:09','2010-03-28 07:18:40.0','neil.thurman@gmail.com',NULL,'Sun Mar 28 07:21:09 EDT 2010',NULL,'2010-03-28 07:21:09','org.samye.dzong.london.events.Event','UPDATE',33),(291,'publishState','2010-03-28 07:21:09','Unpublished','neil.thurman@gmail.com',NULL,'Published',NULL,'2010-03-28 07:21:09','org.samye.dzong.london.events.Event','UPDATE',33),(292,'leader','2010-03-28 07:21:09','Yeshe Losal Rinpoche','neil.thurman@gmail.com',NULL,'Yeshe Losal Rinpoche',NULL,'2010-03-28 07:21:09','org.samye.dzong.london.events.Event','UPDATE',33),(293,'organizer','2010-03-28 07:21:09',NULL,'neil.thurman@gmail.com',NULL,'neil.thurman@gmail.com',NULL,'2010-03-28 07:21:09','org.samye.dzong.london.events.Event','UPDATE',33),(294,'image','2010-03-28 07:21:09','Lama Yeshe Losal Rinpoche (image/jpeg)','neil.thurman@gmail.com',NULL,'Lama Yeshe Losal Rinpoche (image/jpeg)',NULL,'2010-03-28 07:21:09','org.samye.dzong.london.events.Event','UPDATE',33),(295,'venue','2010-03-28 07:21:09','Manor Place','neil.thurman@gmail.com',NULL,'Manor Place',NULL,'2010-03-28 07:21:09','org.samye.dzong.london.events.Event','UPDATE',33),(296,'datePublished','2010-03-28 07:21:43','2010-03-28 07:18:40.0','neil.thurman@gmail.com',NULL,'Sun Mar 28 07:21:43 EDT 2010',NULL,'2010-03-28 07:21:43','org.samye.dzong.london.events.Event','UPDATE',33),(297,'publishState','2010-03-28 07:21:43','Unpublished','neil.thurman@gmail.com',NULL,'Published',NULL,'2010-03-28 07:21:43','org.samye.dzong.london.events.Event','UPDATE',33),(298,'leader','2010-03-28 07:21:43','Yeshe Losal Rinpoche','neil.thurman@gmail.com',NULL,'Yeshe Losal Rinpoche',NULL,'2010-03-28 07:21:43','org.samye.dzong.london.events.Event','UPDATE',33),(299,'organizer','2010-03-28 07:21:43',NULL,'neil.thurman@gmail.com',NULL,'neil.thurman@gmail.com',NULL,'2010-03-28 07:21:43','org.samye.dzong.london.events.Event','UPDATE',33),(300,'image','2010-03-28 07:21:43','Lama Yeshe Losal Rinpoche (image/jpeg)','neil.thurman@gmail.com',NULL,'Lama Yeshe Losal Rinpoche (image/jpeg)',NULL,'2010-03-28 07:21:43','org.samye.dzong.london.events.Event','UPDATE',33),(301,'venue','2010-03-28 07:21:43','Manor Place','neil.thurman@gmail.com',NULL,'Manor Place',NULL,'2010-03-28 07:21:43','org.samye.dzong.london.events.Event','UPDATE',33),(302,'datePublished','2010-03-28 07:21:56','2010-03-28 07:18:40.0','neil.thurman@gmail.com',NULL,'Sun Mar 28 07:21:56 EDT 2010',NULL,'2010-03-28 07:21:56','org.samye.dzong.london.events.Event','UPDATE',33),(303,'category','2010-03-28 07:21:56','B','neil.thurman@gmail.com',NULL,'M',NULL,'2010-03-28 07:21:56','org.samye.dzong.london.events.Event','UPDATE',33),(304,'publishState','2010-03-28 07:21:56','Unpublished','neil.thurman@gmail.com',NULL,'Published',NULL,'2010-03-28 07:21:56','org.samye.dzong.london.events.Event','UPDATE',33),(305,'leader','2010-03-28 07:21:56','Yeshe Losal Rinpoche','neil.thurman@gmail.com',NULL,'Yeshe Losal Rinpoche',NULL,'2010-03-28 07:21:56','org.samye.dzong.london.events.Event','UPDATE',33),(306,'image','2010-03-28 07:21:57','Lama Yeshe Losal Rinpoche (image/jpeg)','neil.thurman@gmail.com',NULL,'Lama Yeshe Losal Rinpoche (image/jpeg)',NULL,'2010-03-28 07:21:57','org.samye.dzong.london.events.Event','UPDATE',33),(307,'venue','2010-03-28 07:21:57','Manor Place','neil.thurman@gmail.com',NULL,'Manor Place',NULL,'2010-03-28 07:21:57','org.samye.dzong.london.events.Event','UPDATE',33),(308,'datePublished','2010-03-28 07:22:12','2010-03-28 07:18:40.0','neil.thurman@gmail.com',NULL,'Sun Mar 28 07:22:12 EDT 2010',NULL,'2010-03-28 07:22:12','org.samye.dzong.london.events.Event','UPDATE',33),(309,'category','2010-03-28 07:22:12','B','neil.thurman@gmail.com',NULL,'M',NULL,'2010-03-28 07:22:12','org.samye.dzong.london.events.Event','UPDATE',33),(310,'publishState','2010-03-28 07:22:12','Unpublished','neil.thurman@gmail.com',NULL,'Published',NULL,'2010-03-28 07:22:12','org.samye.dzong.london.events.Event','UPDATE',33),(311,'title','2010-03-28 07:22:12','Living Dharma: Teachings and Refuge','neil.thurman@gmail.com',NULL,'Living Dharma Teachings and Refuge',NULL,'2010-03-28 07:22:12','org.samye.dzong.london.events.Event','UPDATE',33),(312,'leader','2010-03-28 07:22:12','Yeshe Losal Rinpoche','neil.thurman@gmail.com',NULL,'Yeshe Losal Rinpoche',NULL,'2010-03-28 07:22:12','org.samye.dzong.london.events.Event','UPDATE',33),(313,'image','2010-03-28 07:22:12','Lama Yeshe Losal Rinpoche (image/jpeg)','neil.thurman@gmail.com',NULL,'Lama Yeshe Losal Rinpoche (image/jpeg)',NULL,'2010-03-28 07:22:12','org.samye.dzong.london.events.Event','UPDATE',33),(314,'venue','2010-03-28 07:22:12','Manor Place','neil.thurman@gmail.com',NULL,'Manor Place',NULL,'2010-03-28 07:22:12','org.samye.dzong.london.events.Event','UPDATE',33),(315,'datePublished','2010-03-28 07:22:41','2010-03-28 07:18:40.0','neil.thurman@gmail.com',NULL,'Sun Mar 28 07:22:41 EDT 2010',NULL,'2010-03-28 07:22:41','org.samye.dzong.london.events.Event','UPDATE',33),(316,'category','2010-03-28 07:22:41','B','neil.thurman@gmail.com',NULL,'M',NULL,'2010-03-28 07:22:41','org.samye.dzong.london.events.Event','UPDATE',33),(317,'publishState','2010-03-28 07:22:41','Unpublished','neil.thurman@gmail.com',NULL,'Published',NULL,'2010-03-28 07:22:41','org.samye.dzong.london.events.Event','UPDATE',33),(318,'summary','2010-03-28 07:22:41','Lama Yeshe will ....','neil.thurman@gmail.com',NULL,'Lama Yeshe will',NULL,'2010-03-28 07:22:41','org.samye.dzong.london.events.Event','UPDATE',33),(319,'title','2010-03-28 07:22:41','Living Dharma: Teachings and Refuge','neil.thurman@gmail.com',NULL,'Living Dharma Teachings and Refuge',NULL,'2010-03-28 07:22:41','org.samye.dzong.london.events.Event','UPDATE',33),(320,'leader','2010-03-28 07:22:41','Yeshe Losal Rinpoche','neil.thurman@gmail.com',NULL,'Yeshe Losal Rinpoche',NULL,'2010-03-28 07:22:41','org.samye.dzong.london.events.Event','UPDATE',33),(321,'organizer','2010-03-28 07:22:41',NULL,'neil.thurman@gmail.com',NULL,'neil.thurman@gmail.com',NULL,'2010-03-28 07:22:41','org.samye.dzong.london.events.Event','UPDATE',33),(322,'image','2010-03-28 07:22:41','Lama Yeshe Losal Rinpoche (image/jpeg)','neil.thurman@gmail.com',NULL,'Lama Yeshe Losal Rinpoche (image/jpeg)',NULL,'2010-03-28 07:22:41','org.samye.dzong.london.events.Event','UPDATE',33),(323,'venue','2010-03-28 07:22:41','Manor Place','neil.thurman@gmail.com',NULL,'Manor Place',NULL,'2010-03-28 07:22:41','org.samye.dzong.london.events.Event','UPDATE',33),(324,'deleted','2010-03-28 07:23:42','false','neil.thurman@gmail.com',NULL,'true',NULL,'2010-03-28 07:23:42','org.samye.dzong.london.events.Event','UPDATE',33),(325,NULL,'2010-03-28 07:28:54',NULL,'neil.thurman@gmail.com',NULL,NULL,NULL,'2010-03-28 07:28:54','org.samye.dzong.london.community.Article','INSERT',35),(326,'summary','2010-03-28 07:30:52','Lama Thubten explains his belief that Buddhist art can bring benefit\r\nto people in the West; ...if one seeks the deeper meaning behind the\r\nstatues and follows the path of the Buddha, then one will never have\r\nto face disappointment.','neil.thurman@gmail.com',NULL,'Lama Thubten explains his belief that Buddhist art can bring benefit\r\nto people in the West;\"...if one seeks the deeper meaning behind the\r\nstatues and follows the path of the Buddha, then one will never have\r\nto face disappointment.\"',NULL,'2010-03-28 07:30:52','org.samye.dzong.london.community.Article','UPDATE',35),(327,'image','2010-03-28 07:30:52',NULL,'neil.thurman@gmail.com',NULL,'Lama Thubten (image/jpeg)',NULL,'2010-03-28 07:30:52','org.samye.dzong.london.community.Article','UPDATE',35),(328,'content','2010-03-28 07:30:52','TRADITIONAL TIBETAN ART COMES TO SOUTH LONDON\r\n\r\nTibetan Lama and master craftsman brings the Buddha to Bermondsey\r\n\r\nSometimes he fondly remembers his nomadic childhood in Tibet but for\r\nnow Lama Thubten Kunsal is very happy to be thousands of miles away','neil.thurman@gmail.com',NULL,'TRADITIONAL TIBETAN ART COMES TO SOUTH LONDON\r\n\r\nTibetan Lama and master craftsman brings the Buddha to Bermondsey\r\n\r\nSometimes he fondly remembers his nomadic childhood in Tibet but for\r\nnow Lama Thubten Kunsal is very happy to be thousands of miles away',NULL,'2010-03-28 07:30:52','org.samye.dzong.london.community.Article','UPDATE',35),(329,'publishState','2010-03-28 07:31:05','Unpublished','neil.thurman@gmail.com',NULL,'Ready For Publication',NULL,'2010-03-28 07:31:05','org.samye.dzong.london.community.Article','UPDATE',35),(330,'summary','2010-03-28 07:31:40','Lama Thubten explains his belief that Buddhist art can bring benefit\r\nto people in the West;\"...if one seeks the deeper meaning behind the\r\nstatues and follows the path of the Buddha, then one will never have\r\nto face disappointment.\"','neil.thurman@gmail.com',NULL,'Lama Thubten explains his belief that Buddhist art can bring benefit\r\nto people in the West;&quot;...if one seeks the deeper meaning behind the\r\nstatues and follows the path of the Buddha, then one will never have\r\nto face disappointment.&quot;',NULL,'2010-03-28 07:31:40','org.samye.dzong.london.community.Article','UPDATE',35),(331,'image','2010-03-28 07:31:40','Lama Thubten (image/jpeg)','neil.thurman@gmail.com',NULL,'Lama Thubten (image/jpeg)',NULL,'2010-03-28 07:31:40','org.samye.dzong.london.community.Article','UPDATE',35),(332,'content','2010-03-28 07:31:40','TRADITIONAL TIBETAN ART COMES TO SOUTH LONDON\r\n\r\nTibetan Lama and master craftsman brings the Buddha to Bermondsey\r\n\r\nSometimes he fondly remembers his nomadic childhood in Tibet but for\r\nnow Lama Thubten Kunsal is very happy to be thousands of miles away','neil.thurman@gmail.com',NULL,'TRADITIONAL TIBETAN ART COMES TO SOUTH LONDON\r\n\r\nTibetan Lama and master craftsman brings the Buddha to Bermondsey\r\n\r\nSometimes he fondly remembers his nomadic childhood in Tibet but for\r\nnow Lama Thubten Kunsal is very happy to be thousands of miles away',NULL,'2010-03-28 07:31:40','org.samye.dzong.london.community.Article','UPDATE',35),(333,'datePublished','2010-03-28 07:32:39',NULL,'neil.thurman@gmail.com',NULL,'Sun Mar 28 07:32:39 EDT 2010',NULL,'2010-03-28 07:32:39','org.samye.dzong.london.community.Article','UPDATE',35),(334,'displayAuthor','2010-03-28 07:32:39','false','neil.thurman@gmail.com',NULL,'true',NULL,'2010-03-28 07:32:39','org.samye.dzong.london.community.Article','UPDATE',35),(335,'featured','2010-03-28 07:32:39','false','neil.thurman@gmail.com',NULL,'true',NULL,'2010-03-28 07:32:39','org.samye.dzong.london.community.Article','UPDATE',35),(336,'publishState','2010-03-28 07:32:39','Ready For Publication','neil.thurman@gmail.com',NULL,'Published',NULL,'2010-03-28 07:32:39','org.samye.dzong.london.community.Article','UPDATE',35),(337,'summary','2010-03-28 07:32:39','Lama Thubten explains his belief that Buddhist art can bring benefit\r\nto people in the West;&quot;...if one seeks the deeper meaning behind the\r\nstatues and follows the path of the Buddha, then one will never have\r\nto face disappointment.&quot;','neil.thurman@gmail.com',NULL,'Lama Thubten explains his belief that Buddhist art can bring benefit\r\nto people in the West;&amp;quot;...if one seeks the deeper meaning behind the\r\nstatues and follows the path of the Buddha, then one will never have\r\nto face disappointment.&amp;quot;',NULL,'2010-03-28 07:32:39','org.samye.dzong.london.community.Article','UPDATE',35),(338,'image','2010-03-28 07:32:39','Lama Thubten (image/jpeg)','neil.thurman@gmail.com',NULL,'Lama Thubten (image/jpeg)',NULL,'2010-03-28 07:32:39','org.samye.dzong.london.community.Article','UPDATE',35),(339,'content','2010-03-28 07:32:39','TRADITIONAL TIBETAN ART COMES TO SOUTH LONDON\r\n\r\nTibetan Lama and master craftsman brings the Buddha to Bermondsey\r\n\r\nSometimes he fondly remembers his nomadic childhood in Tibet but for\r\nnow Lama Thubten Kunsal is very happy to be thousands of miles away','neil.thurman@gmail.com',NULL,'TRADITIONAL TIBETAN ART COMES TO SOUTH LONDON\r\n\r\nTibetan Lama and master craftsman brings the Buddha to Bermondsey\r\n\r\nSometimes he fondly remembers his nomadic childhood in Tibet but for\r\nnow Lama Thubten Kunsal is very happy to be thousands of miles away',NULL,'2010-03-28 07:32:39','org.samye.dzong.london.community.Article','UPDATE',35),(340,NULL,'2010-03-28 07:36:43',NULL,'bernardmordan@yahoo.co.uk',NULL,NULL,NULL,'2010-03-28 07:36:43','org.samye.dzong.london.community.Article','INSERT',36),(341,'publishState','2010-03-28 07:36:48','Unpublished','bernardmordan@yahoo.co.uk',NULL,'Ready For Publication',NULL,'2010-03-28 07:36:48','org.samye.dzong.london.community.Article','UPDATE',36),(342,'datePublished','2010-03-28 07:37:26',NULL,'bernardmordan@yahoo.co.uk',NULL,'Sun Mar 28 07:37:26 EDT 2010',NULL,'2010-03-28 07:37:26','org.samye.dzong.london.community.Article','UPDATE',36),(343,'displayAuthor','2010-03-28 07:37:26','false','bernardmordan@yahoo.co.uk',NULL,'true',NULL,'2010-03-28 07:37:26','org.samye.dzong.london.community.Article','UPDATE',36),(344,'publishState','2010-03-28 07:37:26','Ready For Publication','bernardmordan@yahoo.co.uk',NULL,'Published',NULL,'2010-03-28 07:37:26','org.samye.dzong.london.community.Article','UPDATE',36),(345,'summary','2010-03-28 07:37:26','The Centre needs people who can focus on tasks and get them done, and also really take pride in what they do, thats very important.','bernardmordan@yahoo.co.uk',NULL,'The Centre needs people who can focus on tasks and get them done, and also really take pride in what they do, that&rsquo;s very important.',NULL,'2010-03-28 07:37:26','org.samye.dzong.london.community.Article','UPDATE',36),(346,'image','2010-03-28 07:37:26','Spa Road (image/jpeg)','bernardmordan@yahoo.co.uk',NULL,'Spa Road (image/jpeg)',NULL,'2010-03-28 07:37:26','org.samye.dzong.london.community.Article','UPDATE',36),(347,'content','2010-03-28 07:37:26','Hi Im Phil, Im a volunteer here at Spa Road. When I first arrived it was in the back of my mind that this kind of project, in this case a building project, related to spiritual practice means that you are going to be engaging with things, possibly that ','bernardmordan@yahoo.co.uk',NULL,'Hi I&rsquo;m Phil, I&rsquo;m a volunteer here at Spa Road. When I first arrived it was in the back of my mind that this kind of project, in this case a building project, related to spiritual practice means that you are going to be engaging with things, po',NULL,'2010-03-28 07:37:26','org.samye.dzong.london.community.Article','UPDATE',36),(348,NULL,'2010-03-28 08:24:09',NULL,NULL,NULL,NULL,NULL,'2010-03-28 08:24:09','org.samye.dzong.london.media.Image','INSERT',32),(349,NULL,'2010-03-28 08:39:53',NULL,'collinss2uk@yahoo.com',NULL,NULL,NULL,'2010-03-28 08:39:53','org.samye.dzong.london.community.Teacher','INSERT',37),(350,'datePublished','2010-03-28 08:40:01',NULL,'collinss2uk@yahoo.com',NULL,'Sun Mar 28 08:40:01 EDT 2010',NULL,'2010-03-28 08:40:01','org.samye.dzong.london.community.Teacher','UPDATE',37),(351,'publishState','2010-03-28 08:40:01','Unpublished','collinss2uk@yahoo.com',NULL,'Published',NULL,'2010-03-28 08:40:01','org.samye.dzong.london.community.Teacher','UPDATE',37),(352,NULL,'2010-03-28 08:41:13',NULL,'collinss2uk@yahoo.com',NULL,NULL,NULL,'2010-03-28 08:41:13','org.samye.dzong.london.events.Event','INSERT',38),(353,'leader','2010-03-28 08:42:28','Clive Holmes','collinss2uk@yahoo.com',NULL,'Clive Holmes',NULL,'2010-03-28 08:42:28','org.samye.dzong.london.events.Event','UPDATE',38),(354,'venue','2010-03-28 08:42:28','Manor Place','collinss2uk@yahoo.com',NULL,'Manor Place',NULL,'2010-03-28 08:42:28','org.samye.dzong.london.events.Event','UPDATE',38),(355,'leader','2010-03-28 08:42:51','Clive Holmes','collinss2uk@yahoo.com',NULL,'Clive Holmes',NULL,'2010-03-28 08:42:51','org.samye.dzong.london.events.Event','UPDATE',38),(356,'venue','2010-03-28 08:42:51','Manor Place','collinss2uk@yahoo.com',NULL,'Manor Place',NULL,'2010-03-28 08:42:51','org.samye.dzong.london.events.Event','UPDATE',38),(357,'displayDate','2010-03-28 08:44:59','false','collinss2uk@yahoo.com',NULL,'true',NULL,'2010-03-28 08:44:59','org.samye.dzong.london.events.Event','UPDATE',38),(358,'datePublished','2010-03-28 08:44:59',NULL,'collinss2uk@yahoo.com',NULL,'Sun Mar 28 08:44:59 EDT 2010',NULL,'2010-03-28 08:44:59','org.samye.dzong.london.events.Event','UPDATE',38),(359,'publishState','2010-03-28 08:44:59','Unpublished','collinss2uk@yahoo.com',NULL,'Published',NULL,'2010-03-28 08:44:59','org.samye.dzong.london.events.Event','UPDATE',38),(360,'leader','2010-03-28 08:44:59','Clive Holmes','collinss2uk@yahoo.com',NULL,'Clive Holmes',NULL,'2010-03-28 08:44:59','org.samye.dzong.london.events.Event','UPDATE',38),(361,'venue','2010-03-28 08:44:59','Manor Place','collinss2uk@yahoo.com',NULL,'Manor Place',NULL,'2010-03-28 08:44:59','org.samye.dzong.london.events.Event','UPDATE',38),(362,'content','2010-03-28 08:44:59',NULL,'collinss2uk@yahoo.com',NULL,'Stress may seem to arise due to external factors, but circumstances will always be sometimes favourable, sometimes unfavourable. We need to see that it is our mind that creates our world and to learn to be comfortable with whatever arises. Compassion is a',NULL,'2010-03-28 08:44:59','org.samye.dzong.london.events.Event','UPDATE',38),(363,'displayDate','2010-03-28 08:45:44','false','collinss2uk@yahoo.com',NULL,'true',NULL,'2010-03-28 08:45:44','org.samye.dzong.london.events.Event','UPDATE',38),(364,'datePublished','2010-03-28 08:45:44',NULL,'collinss2uk@yahoo.com',NULL,'Sun Mar 28 08:45:44 EDT 2010',NULL,'2010-03-28 08:45:44','org.samye.dzong.london.events.Event','UPDATE',38),(365,'publishState','2010-03-28 08:45:44','Unpublished','collinss2uk@yahoo.com',NULL,'Published',NULL,'2010-03-28 08:45:44','org.samye.dzong.london.events.Event','UPDATE',38),(366,'leader','2010-03-28 08:45:44','Clive Holmes','collinss2uk@yahoo.com',NULL,'Clive Holmes',NULL,'2010-03-28 08:45:44','org.samye.dzong.london.events.Event','UPDATE',38),(367,'venue','2010-03-28 08:45:44','Manor Place','collinss2uk@yahoo.com',NULL,'Manor Place',NULL,'2010-03-28 08:45:44','org.samye.dzong.london.events.Event','UPDATE',38),(368,'displayDate','2010-03-28 08:46:17','false','collinss2uk@yahoo.com',NULL,'true',NULL,'2010-03-28 08:46:17','org.samye.dzong.london.events.Event','UPDATE',38),(369,'datePublished','2010-03-28 08:46:17',NULL,'collinss2uk@yahoo.com',NULL,'Sun Mar 28 08:46:17 EDT 2010',NULL,'2010-03-28 08:46:17','org.samye.dzong.london.events.Event','UPDATE',38),(370,'publishState','2010-03-28 08:46:17','Unpublished','collinss2uk@yahoo.com',NULL,'Published',NULL,'2010-03-28 08:46:17','org.samye.dzong.london.events.Event','UPDATE',38),(371,'leader','2010-03-28 08:46:17','Clive Holmes','collinss2uk@yahoo.com',NULL,'Clive Holmes',NULL,'2010-03-28 08:46:17','org.samye.dzong.london.events.Event','UPDATE',38),(372,'venue','2010-03-28 08:46:17','Manor Place','collinss2uk@yahoo.com',NULL,'Manor Place',NULL,'2010-03-28 08:46:17','org.samye.dzong.london.events.Event','UPDATE',38),(373,'displayDate','2010-03-28 08:46:43','false','collinss2uk@yahoo.com',NULL,'true',NULL,'2010-03-28 08:46:43','org.samye.dzong.london.events.Event','UPDATE',38),(374,'datePublished','2010-03-28 08:46:43',NULL,'collinss2uk@yahoo.com',NULL,'Sun Mar 28 08:46:43 EDT 2010',NULL,'2010-03-28 08:46:43','org.samye.dzong.london.events.Event','UPDATE',38),(375,'publishState','2010-03-28 08:46:43','Unpublished','collinss2uk@yahoo.com',NULL,'Published',NULL,'2010-03-28 08:46:43','org.samye.dzong.london.events.Event','UPDATE',38),(376,'summary','2010-03-28 08:46:43','Stress may seem to arise due to external factors, but circumstances will always be sometimes favourable, sometimes unfavourable. We need to see that it is our mind that creates our world and to learn to be comfortable with whatever arises. Compassion is a','collinss2uk@yahoo.com',NULL,'Stress may seem to arise due to external factors, but circumstances will always be sometimes favourable, sometimes unfavourable. We need to see that it is our mind that creates our world and to learn to be comfortable with whatever arises. Compassion is a',NULL,'2010-03-28 08:46:43','org.samye.dzong.london.events.Event','UPDATE',38),(377,'leader','2010-03-28 08:46:43','Clive Holmes','collinss2uk@yahoo.com',NULL,'Clive Holmes',NULL,'2010-03-28 08:46:43','org.samye.dzong.london.events.Event','UPDATE',38),(378,'venue','2010-03-28 08:46:43','Manor Place','collinss2uk@yahoo.com',NULL,'Manor Place',NULL,'2010-03-28 08:46:43','org.samye.dzong.london.events.Event','UPDATE',38),(379,'publishState','2010-03-28 09:29:47','Published','collinss2uk@yahoo.com',NULL,'Unpublished',NULL,'2010-03-28 09:29:47','org.samye.dzong.london.events.Event','UPDATE',38),(380,'displayDate','2010-03-28 09:33:26','true','collinss2uk@yahoo.com',NULL,'false',NULL,'2010-03-28 09:33:26','org.samye.dzong.london.events.Event','UPDATE',38),(381,'leader','2010-03-28 09:33:26','Clive Holmes','collinss2uk@yahoo.com',NULL,'Clive Holmes',NULL,'2010-03-28 09:33:26','org.samye.dzong.london.events.Event','UPDATE',38),(382,'venue','2010-03-28 09:33:26','Manor Place','collinss2uk@yahoo.com',NULL,'Manor Place',NULL,'2010-03-28 09:33:26','org.samye.dzong.london.events.Event','UPDATE',38),(383,NULL,'2010-03-28 09:36:53',NULL,'collinss2uk@yahoo.com',NULL,NULL,NULL,'2010-03-28 09:36:53','org.samye.dzong.london.events.Event','INSERT',39),(384,'publishState','2010-03-28 09:37:01','Unpublished','collinss2uk@yahoo.com',NULL,'Ready For Publication',NULL,'2010-03-28 09:37:01','org.samye.dzong.london.events.Event','UPDATE',39),(385,NULL,'2010-03-28 09:37:35',NULL,'collinss2uk@yahoo.com',NULL,NULL,NULL,'2010-03-28 09:37:35','org.samye.dzong.london.events.Event','INSERT',40),(386,'displayDate','2010-03-28 09:38:09','false','collinss2uk@yahoo.com',NULL,'true',NULL,'2010-03-28 09:38:09','org.samye.dzong.london.events.Event','UPDATE',40),(387,'datePublished','2010-03-28 09:38:09',NULL,'collinss2uk@yahoo.com',NULL,'Sun Mar 28 09:38:09 EDT 2010',NULL,'2010-03-28 09:38:09','org.samye.dzong.london.events.Event','UPDATE',40),(388,'publishState','2010-03-28 09:38:09','Unpublished','collinss2uk@yahoo.com',NULL,'Published',NULL,'2010-03-28 09:38:09','org.samye.dzong.london.events.Event','UPDATE',40),(389,'leader','2010-03-28 09:38:09','Gelongma Zangmo','collinss2uk@yahoo.com',NULL,'Gelongma Zangmo',NULL,'2010-03-28 09:38:09','org.samye.dzong.london.events.Event','UPDATE',40),(390,'venue','2010-03-28 09:38:09','Manor Place','collinss2uk@yahoo.com',NULL,'Manor Place',NULL,'2010-03-28 09:38:09','org.samye.dzong.london.events.Event','UPDATE',40),(391,'displayDate','2010-03-28 09:38:32','false','collinss2uk@yahoo.com',NULL,'true',NULL,'2010-03-28 09:38:32','org.samye.dzong.london.events.Event','UPDATE',40),(392,'datePublished','2010-03-28 09:38:32',NULL,'collinss2uk@yahoo.com',NULL,'Sun Mar 28 09:38:32 EDT 2010',NULL,'2010-03-28 09:38:32','org.samye.dzong.london.events.Event','UPDATE',40),(393,'publishState','2010-03-28 09:38:32','Unpublished','collinss2uk@yahoo.com',NULL,'Published',NULL,'2010-03-28 09:38:32','org.samye.dzong.london.events.Event','UPDATE',40),(394,'leader','2010-03-28 09:38:32','Gelongma Zangmo','collinss2uk@yahoo.com',NULL,'Gelongma Zangmo',NULL,'2010-03-28 09:38:32','org.samye.dzong.london.events.Event','UPDATE',40),(395,'venue','2010-03-28 09:38:32','Manor Place','collinss2uk@yahoo.com',NULL,'Manor Place',NULL,'2010-03-28 09:38:32','org.samye.dzong.london.events.Event','UPDATE',40),(396,'displayDate','2010-03-28 10:03:46','false','collinss2uk@yahoo.com',NULL,'true',NULL,'2010-03-28 10:03:46','org.samye.dzong.london.events.Event','UPDATE',38),(397,'datePublished','2010-03-28 10:03:46','2010-03-28 08:46:43.0','collinss2uk@yahoo.com',NULL,'Sun Mar 28 10:03:46 EDT 2010',NULL,'2010-03-28 10:03:46','org.samye.dzong.london.events.Event','UPDATE',38),(398,'publishState','2010-03-28 10:03:46','Unpublished','collinss2uk@yahoo.com',NULL,'Published',NULL,'2010-03-28 10:03:46','org.samye.dzong.london.events.Event','UPDATE',38),(399,'leader','2010-03-28 10:03:46','Clive Holmes','collinss2uk@yahoo.com',NULL,'Clive Holmes',NULL,'2010-03-28 10:03:46','org.samye.dzong.london.events.Event','UPDATE',38),(400,'venue','2010-03-28 10:03:46','Manor Place','collinss2uk@yahoo.com',NULL,'Manor Place',NULL,'2010-03-28 10:03:46','org.samye.dzong.london.events.Event','UPDATE',38),(401,NULL,'2010-03-28 10:31:53',NULL,NULL,NULL,NULL,NULL,'2010-03-28 10:31:53','org.samye.dzong.london.media.Image','INSERT',33),(402,NULL,'2010-05-07 23:21:15',NULL,NULL,NULL,NULL,NULL,'2010-05-07 23:21:15','org.samye.dzong.london.media.Image','INSERT',34),(403,NULL,'2010-05-08 12:59:18',NULL,NULL,NULL,NULL,NULL,'2010-05-08 12:59:18','org.samye.dzong.london.media.Image','INSERT',35),(404,'publishState','2010-05-08 13:27:21','Published','dawn.flowerdew@googlemail.com',NULL,'Unpublished',NULL,'2010-05-08 13:27:21','org.samye.dzong.london.community.Article','UPDATE',31),(405,'publishState','2010-05-08 13:27:41','Unpublished','dawn.flowerdew@googlemail.com',NULL,'Ready For Publication',NULL,'2010-05-08 13:27:41','org.samye.dzong.london.community.Article','UPDATE',31),(406,'datePublished','2010-05-08 13:27:56','2010-03-21 08:52:46.0','dawn.flowerdew@googlemail.com',NULL,'Sat May 08 13:27:55 BST 2010',NULL,'2010-05-08 13:27:56','org.samye.dzong.london.community.Article','UPDATE',31),(407,'publishState','2010-05-08 13:27:56','Ready For Publication','dawn.flowerdew@googlemail.com',NULL,'Published',NULL,'2010-05-08 13:27:56','org.samye.dzong.london.community.Article','UPDATE',31),(408,'content','2010-05-08 13:27:56','Tashi Zangpo, the monk at Kagyu Samye Dzong London Tibetan Buddhist Centre, asked me if I was going to take part in a piece of research on meditation and the brain. It was the first I had heard of Dr Elena Antonova\'s project based in King\'s College London','dawn.flowerdew@googlemail.com',NULL,'Tashi Zangpo, the monk at Kagyu Samye Dzong London Tibetan Buddhist Centre, asked me if I was going to take part in a piece of research on meditation and the brain. It was the first I had heard of Dr Elena Antonova\'s project based in King\'s College London',NULL,'2010-05-08 13:27:56','org.samye.dzong.london.community.Article','UPDATE',31),(409,NULL,'2010-05-08 13:30:02',NULL,'dawn.flowerdew@googlemail.com',NULL,NULL,NULL,'2010-05-08 13:30:02','org.samye.dzong.london.community.Article','INSERT',41),(410,NULL,'2010-05-16 09:14:38',NULL,'bernardmordan@yahoo.co.uk',NULL,NULL,NULL,'2010-05-16 09:14:38','org.samye.dzong.london.events.Event','INSERT',42),(411,'publishState','2010-05-16 09:15:47','Unpublished','bernardmordan@yahoo.co.uk',NULL,'Ready For Publication',NULL,'2010-05-16 09:15:47','org.samye.dzong.london.events.Event','UPDATE',42),(412,'displayDate','2010-05-16 09:17:22','false','bernardmordan@yahoo.co.uk',NULL,'true',NULL,'2010-05-16 09:17:22','org.samye.dzong.london.events.Event','UPDATE',42),(413,'datePublished','2010-05-16 09:17:22',NULL,'bernardmordan@yahoo.co.uk',NULL,'Sun May 16 09:17:22 BST 2010',NULL,'2010-05-16 09:17:22','org.samye.dzong.london.events.Event','UPDATE',42),(414,'publishState','2010-05-16 09:17:22','Ready For Publication','bernardmordan@yahoo.co.uk',NULL,'Published',NULL,'2010-05-16 09:17:22','org.samye.dzong.london.events.Event','UPDATE',42),(415,'leader','2010-05-16 09:17:22','Community','bernardmordan@yahoo.co.uk',NULL,'Community',NULL,'2010-05-16 09:17:22','org.samye.dzong.london.events.Event','UPDATE',42),(416,'venue','2010-05-16 09:17:22','Spa Road','bernardmordan@yahoo.co.uk',NULL,'Spa Road',NULL,'2010-05-16 09:17:22','org.samye.dzong.london.events.Event','UPDATE',42),(417,'datePublished','2010-05-16 09:18:05',NULL,'bernardmordan@yahoo.co.uk',NULL,'Sun May 16 09:18:05 BST 2010',NULL,'2010-05-16 09:18:05','org.samye.dzong.london.events.Event','UPDATE',42),(418,'publishState','2010-05-16 09:18:05','Ready For Publication','bernardmordan@yahoo.co.uk',NULL,'Published',NULL,'2010-05-16 09:18:05','org.samye.dzong.london.events.Event','UPDATE',42),(419,'leader','2010-05-16 09:18:05','Community','bernardmordan@yahoo.co.uk',NULL,'Community',NULL,'2010-05-16 09:18:05','org.samye.dzong.london.events.Event','UPDATE',42),(420,'organizer','2010-05-16 09:18:05',NULL,'bernardmordan@yahoo.co.uk',NULL,'bernardmordan@yahoo.co.uk',NULL,'2010-05-16 09:18:05','org.samye.dzong.london.events.Event','UPDATE',42),(421,'venue','2010-05-16 09:18:05','Spa Road','bernardmordan@yahoo.co.uk',NULL,'Spa Road',NULL,'2010-05-16 09:18:05','org.samye.dzong.london.events.Event','UPDATE',42),(422,'displayDate','2010-05-16 09:19:08','false','bernardmordan@yahoo.co.uk',NULL,'true',NULL,'2010-05-16 09:19:08','org.samye.dzong.london.events.Event','UPDATE',42),(423,'datePublished','2010-05-16 09:19:08',NULL,'bernardmordan@yahoo.co.uk',NULL,'Sun May 16 09:19:08 BST 2010',NULL,'2010-05-16 09:19:08','org.samye.dzong.london.events.Event','UPDATE',42),(424,'publishState','2010-05-16 09:19:08','Ready For Publication','bernardmordan@yahoo.co.uk',NULL,'Published',NULL,'2010-05-16 09:19:08','org.samye.dzong.london.events.Event','UPDATE',42),(425,'leader','2010-05-16 09:19:08','Community','bernardmordan@yahoo.co.uk',NULL,'Community',NULL,'2010-05-16 09:19:08','org.samye.dzong.london.events.Event','UPDATE',42),(426,'organizer','2010-05-16 09:19:08',NULL,'bernardmordan@yahoo.co.uk',NULL,'bernardmordan@yahoo.co.uk',NULL,'2010-05-16 09:19:08','org.samye.dzong.london.events.Event','UPDATE',42),(427,'venue','2010-05-16 09:19:08','Spa Road','bernardmordan@yahoo.co.uk',NULL,'Spa Road',NULL,'2010-05-16 09:19:08','org.samye.dzong.london.events.Event','UPDATE',42),(428,'displayDate','2010-05-16 09:19:43','false','bernardmordan@yahoo.co.uk',NULL,'true',NULL,'2010-05-16 09:19:43','org.samye.dzong.london.events.Event','UPDATE',42),(429,'datePublished','2010-05-16 09:19:43',NULL,'bernardmordan@yahoo.co.uk',NULL,'Sun May 16 09:19:43 BST 2010',NULL,'2010-05-16 09:19:43','org.samye.dzong.london.events.Event','UPDATE',42),(430,'publishState','2010-05-16 09:19:43','Ready For Publication','bernardmordan@yahoo.co.uk',NULL,'Published',NULL,'2010-05-16 09:19:43','org.samye.dzong.london.events.Event','UPDATE',42),(431,'leader','2010-05-16 09:19:43','Community','bernardmordan@yahoo.co.uk',NULL,'Community',NULL,'2010-05-16 09:19:43','org.samye.dzong.london.events.Event','UPDATE',42),(432,'organizer','2010-05-16 09:19:43',NULL,'bernardmordan@yahoo.co.uk',NULL,'bernardmordan@yahoo.co.uk',NULL,'2010-05-16 09:19:43','org.samye.dzong.london.events.Event','UPDATE',42),(433,'venue','2010-05-16 09:19:43','Spa Road','bernardmordan@yahoo.co.uk',NULL,'Spa Road',NULL,'2010-05-16 09:19:43','org.samye.dzong.london.events.Event','UPDATE',42),(434,'datePublished','2010-05-16 09:20:26',NULL,'bernardmordan@yahoo.co.uk',NULL,'Sun May 16 09:20:26 BST 2010',NULL,'2010-05-16 09:20:26','org.samye.dzong.london.events.Event','UPDATE',39),(435,'publishState','2010-05-16 09:20:26','Ready For Publication','bernardmordan@yahoo.co.uk',NULL,'Published',NULL,'2010-05-16 09:20:26','org.samye.dzong.london.events.Event','UPDATE',39),(436,'leader','2010-05-16 09:20:26','Gelongma Zangmo','bernardmordan@yahoo.co.uk',NULL,'Gelongma Zangmo',NULL,'2010-05-16 09:20:26','org.samye.dzong.london.events.Event','UPDATE',39),(437,'organizer','2010-05-16 09:20:26','collinss2uk@yahoo.com','bernardmordan@yahoo.co.uk',NULL,'collinss2uk@yahoo.com',NULL,'2010-05-16 09:20:26','org.samye.dzong.london.events.Event','UPDATE',39),(438,'venue','2010-05-16 09:20:27','Manor Place','bernardmordan@yahoo.co.uk',NULL,'Manor Place',NULL,'2010-05-16 09:20:27','org.samye.dzong.london.events.Event','UPDATE',39),(439,'datePublished','2010-05-16 09:24:06',NULL,'bernardmordan@yahoo.co.uk',NULL,'Sun May 16 09:24:06 BST 2010',NULL,'2010-05-16 09:24:06','org.samye.dzong.london.events.Event','UPDATE',39),(440,'publishState','2010-05-16 09:24:06','Ready For Publication','bernardmordan@yahoo.co.uk',NULL,'Published',NULL,'2010-05-16 09:24:06','org.samye.dzong.london.events.Event','UPDATE',39),(441,'leader','2010-05-16 09:24:06','Gelongma Zangmo','bernardmordan@yahoo.co.uk',NULL,'Gelongma Zangmo',NULL,'2010-05-16 09:24:06','org.samye.dzong.london.events.Event','UPDATE',39),(442,'organizer','2010-05-16 09:24:06','collinss2uk@yahoo.com','bernardmordan@yahoo.co.uk',NULL,'collinss2uk@yahoo.com',NULL,'2010-05-16 09:24:06','org.samye.dzong.london.events.Event','UPDATE',39),(443,'venue','2010-05-16 09:24:06','Manor Place','bernardmordan@yahoo.co.uk',NULL,'Manor Place',NULL,'2010-05-16 09:24:06','org.samye.dzong.london.events.Event','UPDATE',39),(444,'content','2010-05-16 09:24:06',NULL,'bernardmordan@yahoo.co.uk',NULL,'This day will be devoted to practice as a way of overcoming obstacles and freeing beings from suffering. The practice will be dedicated to the long life and activity of HH Karmapa and our lineage masters.',NULL,'2010-05-16 09:24:06','org.samye.dzong.london.events.Event','UPDATE',39),(445,'displayDate','2010-05-16 09:24:25','false','bernardmordan@yahoo.co.uk',NULL,'true',NULL,'2010-05-16 09:24:25','org.samye.dzong.london.events.Event','UPDATE',39),(446,'datePublished','2010-05-16 09:24:25',NULL,'bernardmordan@yahoo.co.uk',NULL,'Sun May 16 09:24:24 BST 2010',NULL,'2010-05-16 09:24:25','org.samye.dzong.london.events.Event','UPDATE',39),(447,'publishState','2010-05-16 09:24:25','Ready For Publication','bernardmordan@yahoo.co.uk',NULL,'Published',NULL,'2010-05-16 09:24:25','org.samye.dzong.london.events.Event','UPDATE',39),(448,'title','2010-05-16 09:24:25','Green Tara Day','bernardmordan@yahoo.co.uk',NULL,'Green_Tara_Day',NULL,'2010-05-16 09:24:25','org.samye.dzong.london.events.Event','UPDATE',39),(449,'leader','2010-05-16 09:24:25','Gelongma Zangmo','bernardmordan@yahoo.co.uk',NULL,'Gelongma Zangmo',NULL,'2010-05-16 09:24:25','org.samye.dzong.london.events.Event','UPDATE',39),(450,'organizer','2010-05-16 09:24:25','collinss2uk@yahoo.com','bernardmordan@yahoo.co.uk',NULL,'collinss2uk@yahoo.com',NULL,'2010-05-16 09:24:25','org.samye.dzong.london.events.Event','UPDATE',39),(451,'venue','2010-05-16 09:24:25','Manor Place','bernardmordan@yahoo.co.uk',NULL,'Manor Place',NULL,'2010-05-16 09:24:25','org.samye.dzong.london.events.Event','UPDATE',39),(452,'publishState','2010-05-16 09:24:57','Ready For Publication','bernardmordan@yahoo.co.uk',NULL,'Unpublished',NULL,'2010-05-16 09:24:57','org.samye.dzong.london.events.Event','UPDATE',42),(453,'title','2010-05-16 09:24:57','Volunteer Weekend','bernardmordan@yahoo.co.uk',NULL,'Volunteer_Weekend',NULL,'2010-05-16 09:24:57','org.samye.dzong.london.events.Event','UPDATE',42),(454,'leader','2010-05-16 09:24:57','Community','bernardmordan@yahoo.co.uk',NULL,'Community',NULL,'2010-05-16 09:24:57','org.samye.dzong.london.events.Event','UPDATE',42),(455,'venue','2010-05-16 09:24:57','Spa Road','bernardmordan@yahoo.co.uk',NULL,'Spa Road',NULL,'2010-05-16 09:24:57','org.samye.dzong.london.events.Event','UPDATE',42),(456,'displayDate','2010-05-16 09:25:13','false','bernardmordan@yahoo.co.uk',NULL,'true',NULL,'2010-05-16 09:25:13','org.samye.dzong.london.events.Event','UPDATE',42),(457,'datePublished','2010-05-16 09:25:13',NULL,'bernardmordan@yahoo.co.uk',NULL,'Sun May 16 09:25:12 BST 2010',NULL,'2010-05-16 09:25:13','org.samye.dzong.london.events.Event','UPDATE',42),(458,'publishState','2010-05-16 09:25:13','Unpublished','bernardmordan@yahoo.co.uk',NULL,'Published',NULL,'2010-05-16 09:25:13','org.samye.dzong.london.events.Event','UPDATE',42),(459,'leader','2010-05-16 09:25:13','Community','bernardmordan@yahoo.co.uk',NULL,'Community',NULL,'2010-05-16 09:25:13','org.samye.dzong.london.events.Event','UPDATE',42),(460,'venue','2010-05-16 09:25:13','Spa Road','bernardmordan@yahoo.co.uk',NULL,'Spa Road',NULL,'2010-05-16 09:25:13','org.samye.dzong.london.events.Event','UPDATE',42),(461,NULL,'2010-05-16 09:30:36',NULL,'bernardmordan@yahoo.co.uk',NULL,NULL,NULL,'2010-05-16 09:30:36','org.samye.dzong.london.events.Event','INSERT',43),(462,NULL,'2010-05-16 09:31:30',NULL,'bernardmordan@yahoo.co.uk',NULL,NULL,NULL,'2010-05-16 09:31:30','org.samye.dzong.london.community.Teacher','INSERT',44),(463,'datePublished','2010-05-16 09:31:37',NULL,'bernardmordan@yahoo.co.uk',NULL,'Sun May 16 09:31:37 BST 2010',NULL,'2010-05-16 09:31:37','org.samye.dzong.london.community.Teacher','UPDATE',44),(464,'publishState','2010-05-16 09:31:37','Unpublished','bernardmordan@yahoo.co.uk',NULL,'Published',NULL,'2010-05-16 09:31:37','org.samye.dzong.london.community.Teacher','UPDATE',44),(465,'publishState','2010-05-16 09:34:32','Unpublished','bernardmordan@yahoo.co.uk',NULL,'Ready For Publication',NULL,'2010-05-16 09:34:32','org.samye.dzong.london.events.Event','UPDATE',43),(466,NULL,'2010-05-16 09:36:33',NULL,'bernardmordan@yahoo.co.uk',NULL,NULL,NULL,'2010-05-16 09:36:33','org.samye.dzong.london.events.Event','INSERT',45),(467,NULL,'2010-05-16 09:38:12',NULL,'bernardmordan@yahoo.co.uk',NULL,NULL,NULL,'2010-05-16 09:38:12','org.samye.dzong.london.events.Event','INSERT',46),(468,'publishState','2010-05-16 09:38:18','Unpublished','bernardmordan@yahoo.co.uk',NULL,'Ready For Publication',NULL,'2010-05-16 09:38:18','org.samye.dzong.london.events.Event','UPDATE',46),(469,'publishState','2010-05-16 09:38:22','Unpublished','bernardmordan@yahoo.co.uk',NULL,'Ready For Publication',NULL,'2010-05-16 09:38:22','org.samye.dzong.london.events.Event','UPDATE',45),(470,'datePublished','2010-05-16 09:39:50',NULL,'bernardmordan@yahoo.co.uk',NULL,'Sun May 16 09:39:50 BST 2010',NULL,'2010-05-16 09:39:50','org.samye.dzong.london.events.Event','UPDATE',46),(471,'publishState','2010-05-16 09:39:51','Ready For Publication','bernardmordan@yahoo.co.uk',NULL,'Published',NULL,'2010-05-16 09:39:51','org.samye.dzong.london.events.Event','UPDATE',46),(472,'summary','2010-05-16 09:39:51','A day of practice to help us overcome inner and outer obstacles. The day will be dedicated','bernardmordan@yahoo.co.uk',NULL,'A day of practice to help us overcome inner and outer obstacles.',NULL,'2010-05-16 09:39:51','org.samye.dzong.london.events.Event','UPDATE',46),(473,'leader','2010-05-16 09:39:51','Gelongma Zangmo','bernardmordan@yahoo.co.uk',NULL,'Gelongma Zangmo',NULL,'2010-05-16 09:39:51','org.samye.dzong.london.events.Event','UPDATE',46),(474,'image','2010-05-16 09:39:51','White Tara (image/png)','bernardmordan@yahoo.co.uk',NULL,'White Tara (image/png)',NULL,'2010-05-16 09:39:51','org.samye.dzong.london.events.Event','UPDATE',46),(475,'venue','2010-05-16 09:39:51','Manor Place','bernardmordan@yahoo.co.uk',NULL,'Manor Place',NULL,'2010-05-16 09:39:51','org.samye.dzong.london.events.Event','UPDATE',46),(476,'content','2010-05-16 09:39:51',NULL,'bernardmordan@yahoo.co.uk',NULL,'This day will be devoted to practice as a way of overcoming obstacles and freeing beings from suffering. The practice will be dedicated to the long life and activity of HH Karmapa and our lineage masters.',NULL,'2010-05-16 09:39:51','org.samye.dzong.london.events.Event','UPDATE',46),(477,'displayDate','2010-05-16 09:40:26','false','bernardmordan@yahoo.co.uk',NULL,'true',NULL,'2010-05-16 09:40:26','org.samye.dzong.london.events.Event','UPDATE',46),(478,'datePublished','2010-05-16 09:40:26',NULL,'bernardmordan@yahoo.co.uk',NULL,'Sun May 16 09:40:25 BST 2010',NULL,'2010-05-16 09:40:26','org.samye.dzong.london.events.Event','UPDATE',46),(479,'publishState','2010-05-16 09:40:26','Ready For Publication','bernardmordan@yahoo.co.uk',NULL,'Published',NULL,'2010-05-16 09:40:26','org.samye.dzong.london.events.Event','UPDATE',46),(480,'leader','2010-05-16 09:40:26','Gelongma Zangmo','bernardmordan@yahoo.co.uk',NULL,'Gelongma Zangmo',NULL,'2010-05-16 09:40:26','org.samye.dzong.london.events.Event','UPDATE',46),(481,'image','2010-05-16 09:40:26','White Tara (image/png)','bernardmordan@yahoo.co.uk',NULL,'White Tara (image/png)',NULL,'2010-05-16 09:40:26','org.samye.dzong.london.events.Event','UPDATE',46),(482,'venue','2010-05-16 09:40:26','Manor Place','bernardmordan@yahoo.co.uk',NULL,'Manor Place',NULL,'2010-05-16 09:40:26','org.samye.dzong.london.events.Event','UPDATE',46),(483,'content','2010-05-16 09:40:26',NULL,'bernardmordan@yahoo.co.uk',NULL,'This day will be devoted to practice as a way of overcoming obstacles and freeing beings from suffering. The practice will be dedicated to the long life and activity of HH Karmapa and our lineage masters.',NULL,'2010-05-16 09:40:26','org.samye.dzong.london.events.Event','UPDATE',46),(484,'displayDate','2010-05-16 09:41:18','false','bernardmordan@yahoo.co.uk',NULL,'true',NULL,'2010-05-16 09:41:18','org.samye.dzong.london.events.Event','UPDATE',43),(485,'datePublished','2010-05-16 09:41:18',NULL,'bernardmordan@yahoo.co.uk',NULL,'Sun May 16 09:41:18 BST 2010',NULL,'2010-05-16 09:41:18','org.samye.dzong.london.events.Event','UPDATE',43),(486,'publishState','2010-05-16 09:41:18','Ready For Publication','bernardmordan@yahoo.co.uk',NULL,'Published',NULL,'2010-05-16 09:41:18','org.samye.dzong.london.events.Event','UPDATE',43),(487,'leader','2010-05-16 09:41:18','Gelongma Zangmo','bernardmordan@yahoo.co.uk',NULL,'Gelongma Zangmo',NULL,'2010-05-16 09:41:18','org.samye.dzong.london.events.Event','UPDATE',43),(488,'venue','2010-05-16 09:41:18','Manor Place','bernardmordan@yahoo.co.uk',NULL,'Manor Place',NULL,'2010-05-16 09:41:18','org.samye.dzong.london.events.Event','UPDATE',43),(489,'displayDate','2010-05-16 09:41:52','false','bernardmordan@yahoo.co.uk',NULL,'true',NULL,'2010-05-16 09:41:52','org.samye.dzong.london.events.Event','UPDATE',45),(490,'datePublished','2010-05-16 09:41:52',NULL,'bernardmordan@yahoo.co.uk',NULL,'Sun May 16 09:41:51 BST 2010',NULL,'2010-05-16 09:41:52','org.samye.dzong.london.events.Event','UPDATE',45),(491,'publishState','2010-05-16 09:41:52','Ready For Publication','bernardmordan@yahoo.co.uk',NULL,'Published',NULL,'2010-05-16 09:41:52','org.samye.dzong.london.events.Event','UPDATE',45),(492,'leader','2010-05-16 09:41:52','Community','bernardmordan@yahoo.co.uk',NULL,'Community',NULL,'2010-05-16 09:41:52','org.samye.dzong.london.events.Event','UPDATE',45),(493,'image','2010-05-16 09:41:52','Hands (image/jpeg)','bernardmordan@yahoo.co.uk',NULL,'Hands (image/jpeg)',NULL,'2010-05-16 09:41:52','org.samye.dzong.london.events.Event','UPDATE',45),(494,'venue','2010-05-16 09:41:52','Manor Place','bernardmordan@yahoo.co.uk',NULL,'Manor Place',NULL,'2010-05-16 09:41:52','org.samye.dzong.london.events.Event','UPDATE',45),(495,'publishState','2010-05-16 09:42:31','Published','bernardmordan@yahoo.co.uk',NULL,'Unpublished',NULL,'2010-05-16 09:42:31','org.samye.dzong.london.events.Event','UPDATE',39),(496,'deleted','2010-05-16 09:42:38','false','bernardmordan@yahoo.co.uk',NULL,'true',NULL,'2010-05-16 09:42:38','org.samye.dzong.london.events.Event','UPDATE',39),(497,NULL,'2010-05-16 09:49:18',NULL,NULL,NULL,NULL,NULL,'2010-05-16 09:49:18','org.samye.dzong.london.media.Image','INSERT',36),(498,NULL,'2010-05-16 09:53:05',NULL,'bernardmordan@yahoo.co.uk',NULL,NULL,NULL,'2010-05-16 09:53:05','org.samye.dzong.london.events.Event','INSERT',47),(499,NULL,'2010-05-16 09:54:49',NULL,'bernardmordan@yahoo.co.uk',NULL,NULL,NULL,'2010-05-16 09:54:49','org.samye.dzong.london.community.Teacher','INSERT',48),(500,'datePublished','2010-05-16 09:54:54',NULL,'bernardmordan@yahoo.co.uk',NULL,'Sun May 16 09:54:54 BST 2010',NULL,'2010-05-16 09:54:54','org.samye.dzong.london.community.Teacher','UPDATE',48),(501,'publishState','2010-05-16 09:54:54','Unpublished','bernardmordan@yahoo.co.uk',NULL,'Published',NULL,'2010-05-16 09:54:54','org.samye.dzong.london.community.Teacher','UPDATE',48),(502,'leader','2010-05-16 09:58:01','Gelongma Zangmo','bernardmordan@yahoo.co.uk',NULL,'Drupon Rinpoche Khenpo Lhabu',NULL,'2010-05-16 09:58:01','org.samye.dzong.london.events.Event','UPDATE',47),(503,'image','2010-05-16 09:58:01','Gold Lotus Endless Knot (image/png)','bernardmordan@yahoo.co.uk',NULL,NULL,NULL,'2010-05-16 09:58:01','org.samye.dzong.london.events.Event','UPDATE',47),(504,'venue','2010-05-16 09:58:01','Manor Place','bernardmordan@yahoo.co.uk',NULL,'Manor Place',NULL,'2010-05-16 09:58:01','org.samye.dzong.london.events.Event','UPDATE',47),(505,'leader','2010-05-16 10:00:18','Drupon Rinpoche Khenpo Lhabu','bernardmordan@yahoo.co.uk',NULL,'Drupon Rinpoche Khenpo Lhabu',NULL,'2010-05-16 10:00:18','org.samye.dzong.london.events.Event','UPDATE',47),(506,'image','2010-05-16 10:00:18',NULL,'bernardmordan@yahoo.co.uk',NULL,'druponRinpoche (image/jpeg)',NULL,'2010-05-16 10:00:18','org.samye.dzong.london.events.Event','UPDATE',47),(507,'venue','2010-05-16 10:00:18','Manor Place','bernardmordan@yahoo.co.uk',NULL,'Manor Place',NULL,'2010-05-16 10:00:18','org.samye.dzong.london.events.Event','UPDATE',47),(508,'publishState','2010-05-16 10:00:23','Unpublished','bernardmordan@yahoo.co.uk',NULL,'Ready For Publication',NULL,'2010-05-16 10:00:23','org.samye.dzong.london.events.Event','UPDATE',47),(509,'displayDate','2010-05-16 10:00:56','false','bernardmordan@yahoo.co.uk',NULL,'true',NULL,'2010-05-16 10:00:56','org.samye.dzong.london.events.Event','UPDATE',47),(510,'datePublished','2010-05-16 10:00:56',NULL,'bernardmordan@yahoo.co.uk',NULL,'Sun May 16 10:00:56 BST 2010',NULL,'2010-05-16 10:00:56','org.samye.dzong.london.events.Event','UPDATE',47),(511,'publishState','2010-05-16 10:00:56','Ready For Publication','bernardmordan@yahoo.co.uk',NULL,'Published',NULL,'2010-05-16 10:00:56','org.samye.dzong.london.events.Event','UPDATE',47),(512,'leader','2010-05-16 10:00:56','Drupon Rinpoche Khenpo Lhabu','bernardmordan@yahoo.co.uk',NULL,'Drupon Rinpoche Khenpo Lhabu',NULL,'2010-05-16 10:00:56','org.samye.dzong.london.events.Event','UPDATE',47),(513,'image','2010-05-16 10:00:56','druponRinpoche (image/jpeg)','bernardmordan@yahoo.co.uk',NULL,'druponRinpoche (image/jpeg)',NULL,'2010-05-16 10:00:56','org.samye.dzong.london.events.Event','UPDATE',47),(514,'venue','2010-05-16 10:00:56','Manor Place','bernardmordan@yahoo.co.uk',NULL,'Manor Place',NULL,'2010-05-16 10:00:56','org.samye.dzong.london.events.Event','UPDATE',47),(515,NULL,'2010-05-16 10:04:58',NULL,'bernardmordan@yahoo.co.uk',NULL,NULL,NULL,'2010-05-16 10:04:58','org.samye.dzong.london.events.Event','INSERT',49),(516,'publishState','2010-05-16 10:05:05','Unpublished','bernardmordan@yahoo.co.uk',NULL,'Ready For Publication',NULL,'2010-05-16 10:05:05','org.samye.dzong.london.events.Event','UPDATE',49),(517,'displayDate','2010-05-16 10:05:41','false','bernardmordan@yahoo.co.uk',NULL,'true',NULL,'2010-05-16 10:05:41','org.samye.dzong.london.events.Event','UPDATE',49),(518,'datePublished','2010-05-16 10:05:41',NULL,'bernardmordan@yahoo.co.uk',NULL,'Sun May 16 10:05:40 BST 2010',NULL,'2010-05-16 10:05:41','org.samye.dzong.london.events.Event','UPDATE',49),(519,'publishState','2010-05-16 10:05:41','Ready For Publication','bernardmordan@yahoo.co.uk',NULL,'Published',NULL,'2010-05-16 10:05:41','org.samye.dzong.london.events.Event','UPDATE',49),(520,'leader','2010-05-16 10:05:41','Community','bernardmordan@yahoo.co.uk',NULL,'Community',NULL,'2010-05-16 10:05:41','org.samye.dzong.london.events.Event','UPDATE',49),(521,'image','2010-05-16 10:05:41','Manor Place Shrine (image/jpeg)','bernardmordan@yahoo.co.uk',NULL,'Manor Place Shrine (image/jpeg)',NULL,'2010-05-16 10:05:41','org.samye.dzong.london.events.Event','UPDATE',49),(522,'venue','2010-05-16 10:05:41','Manor Place','bernardmordan@yahoo.co.uk',NULL,'Manor Place',NULL,'2010-05-16 10:05:41','org.samye.dzong.london.events.Event','UPDATE',49),(523,NULL,'2010-05-16 10:07:59',NULL,'bernardmordan@yahoo.co.uk',NULL,NULL,NULL,'2010-05-16 10:07:59','org.samye.dzong.london.events.Event','INSERT',50),(524,'displayDate','2010-05-16 10:08:36','false','bernardmordan@yahoo.co.uk',NULL,'true',NULL,'2010-05-16 10:08:36','org.samye.dzong.london.events.Event','UPDATE',50),(525,'datePublished','2010-05-16 10:08:36',NULL,'bernardmordan@yahoo.co.uk',NULL,'Sun May 16 10:08:35 BST 2010',NULL,'2010-05-16 10:08:36','org.samye.dzong.london.events.Event','UPDATE',50),(526,'publishState','2010-05-16 10:08:36','Unpublished','bernardmordan@yahoo.co.uk',NULL,'Published',NULL,'2010-05-16 10:08:36','org.samye.dzong.london.events.Event','UPDATE',50),(527,'leader','2010-05-16 10:08:36','Gelongma Zangmo','bernardmordan@yahoo.co.uk',NULL,'Gelongma Zangmo',NULL,'2010-05-16 10:08:36','org.samye.dzong.london.events.Event','UPDATE',50),(528,'image','2010-05-16 10:08:36','Venerable Lama Zangmo (image/jpeg)','bernardmordan@yahoo.co.uk',NULL,'Venerable Lama Zangmo (image/jpeg)',NULL,'2010-05-16 10:08:36','org.samye.dzong.london.events.Event','UPDATE',50),(529,'venue','2010-05-16 10:08:36','Manor Place','bernardmordan@yahoo.co.uk',NULL,'Manor Place',NULL,'2010-05-16 10:08:36','org.samye.dzong.london.events.Event','UPDATE',50),(530,NULL,'2010-05-16 10:10:49',NULL,'bernardmordan@yahoo.co.uk',NULL,NULL,NULL,'2010-05-16 10:10:49','org.samye.dzong.london.events.Event','INSERT',51),(531,'leader','2010-05-16 10:14:33','Clive Holmes','bernardmordan@yahoo.co.uk',NULL,'Clive Holmes',NULL,'2010-05-16 10:14:33','org.samye.dzong.london.events.Event','UPDATE',51),(532,'image','2010-05-16 10:14:33',NULL,'bernardmordan@yahoo.co.uk',NULL,'Clive Holmes (image/jpeg)',NULL,'2010-05-16 10:14:33','org.samye.dzong.london.events.Event','UPDATE',51),(533,'venue','2010-05-16 10:14:33','Manor Place','bernardmordan@yahoo.co.uk',NULL,'Manor Place',NULL,'2010-05-16 10:14:33','org.samye.dzong.london.events.Event','UPDATE',51),(534,'content','2010-05-16 10:14:33',NULL,'bernardmordan@yahoo.co.uk',NULL,'The wonder and colour of everyday experience can be opened up to us through increased awareness and understanding. If we can combine this with mindfulness we can come to see ordinary things in an extraordinary way. This course will aid this process by foc',NULL,'2010-05-16 10:14:33','org.samye.dzong.london.events.Event','UPDATE',51),(535,'displayDate','2010-05-16 10:15:01','false','bernardmordan@yahoo.co.uk',NULL,'true',NULL,'2010-05-16 10:15:01','org.samye.dzong.london.events.Event','UPDATE',51),(536,'datePublished','2010-05-16 10:15:01',NULL,'bernardmordan@yahoo.co.uk',NULL,'Sun May 16 10:15:01 BST 2010',NULL,'2010-05-16 10:15:01','org.samye.dzong.london.events.Event','UPDATE',51),(537,'publishState','2010-05-16 10:15:01','Unpublished','bernardmordan@yahoo.co.uk',NULL,'Published',NULL,'2010-05-16 10:15:01','org.samye.dzong.london.events.Event','UPDATE',51),(538,'leader','2010-05-16 10:15:01','Clive Holmes','bernardmordan@yahoo.co.uk',NULL,'Clive Holmes',NULL,'2010-05-16 10:15:01','org.samye.dzong.london.events.Event','UPDATE',51),(539,'image','2010-05-16 10:15:01','Clive Holmes (image/jpeg)','bernardmordan@yahoo.co.uk',NULL,'Clive Holmes (image/jpeg)',NULL,'2010-05-16 10:15:01','org.samye.dzong.london.events.Event','UPDATE',51),(540,'venue','2010-05-16 10:15:02','Manor Place','bernardmordan@yahoo.co.uk',NULL,'Manor Place',NULL,'2010-05-16 10:15:02','org.samye.dzong.london.events.Event','UPDATE',51),(541,NULL,'2010-05-16 10:17:18',NULL,'bernardmordan@yahoo.co.uk',NULL,NULL,NULL,'2010-05-16 10:17:18','org.samye.dzong.london.events.Event','INSERT',52),(542,'leader','2010-05-16 10:17:56','Clive Holmes','bernardmordan@yahoo.co.uk',NULL,'Clive Holmes',NULL,'2010-05-16 10:17:56','org.samye.dzong.london.events.Event','UPDATE',52),(543,'image','2010-05-16 10:17:56','Golden Dragon (image/png)','bernardmordan@yahoo.co.uk',NULL,'Golden Dragon (image/png)',NULL,'2010-05-16 10:17:56','org.samye.dzong.london.events.Event','UPDATE',52),(544,'venue','2010-05-16 10:17:56','Manor Place','bernardmordan@yahoo.co.uk',NULL,'Manor Place',NULL,'2010-05-16 10:17:56','org.samye.dzong.london.events.Event','UPDATE',52),(545,'content','2010-05-16 10:17:56',NULL,'bernardmordan@yahoo.co.uk',NULL,'Choje Akong Tulku Rinpoches book \"Restoring the Balance\" offers deep insight into how to live a happy and useful life. This course will focus on some vivid topics from the book such as freedom, our true nature, developing compassion. Clive is the editor ',NULL,'2010-05-16 10:17:56','org.samye.dzong.london.events.Event','UPDATE',52),(546,'displayDate','2010-05-16 10:18:29','false','bernardmordan@yahoo.co.uk',NULL,'true',NULL,'2010-05-16 10:18:29','org.samye.dzong.london.events.Event','UPDATE',52),(547,'datePublished','2010-05-16 10:18:29',NULL,'bernardmordan@yahoo.co.uk',NULL,'Sun May 16 10:18:28 BST 2010',NULL,'2010-05-16 10:18:29','org.samye.dzong.london.events.Event','UPDATE',52),(548,'publishState','2010-05-16 10:18:29','Unpublished','bernardmordan@yahoo.co.uk',NULL,'Published',NULL,'2010-05-16 10:18:29','org.samye.dzong.london.events.Event','UPDATE',52),(549,'leader','2010-05-16 10:18:29','Clive Holmes','bernardmordan@yahoo.co.uk',NULL,'Clive Holmes',NULL,'2010-05-16 10:18:29','org.samye.dzong.london.events.Event','UPDATE',52),(550,'image','2010-05-16 10:18:29','Golden Dragon (image/png)','bernardmordan@yahoo.co.uk',NULL,'Golden Dragon (image/png)',NULL,'2010-05-16 10:18:29','org.samye.dzong.london.events.Event','UPDATE',52),(551,'venue','2010-05-16 10:18:29','Manor Place','bernardmordan@yahoo.co.uk',NULL,'Manor Place',NULL,'2010-05-16 10:18:29','org.samye.dzong.london.events.Event','UPDATE',52),(552,NULL,'2010-05-16 10:20:51',NULL,'bernardmordan@yahoo.co.uk',NULL,NULL,NULL,'2010-05-16 10:20:51','org.samye.dzong.london.community.Article','INSERT',53),(553,NULL,'2010-05-16 10:24:27',NULL,NULL,NULL,NULL,NULL,'2010-05-16 10:24:27','org.samye.dzong.london.media.Image','INSERT',37),(554,NULL,'2010-05-16 10:25:34',NULL,NULL,NULL,NULL,NULL,'2010-05-16 10:25:34','org.samye.dzong.london.media.Image','INSERT',38),(555,NULL,'2010-05-16 10:27:36',NULL,'bernardmordan@yahoo.co.uk',NULL,NULL,NULL,'2010-05-16 10:27:36','org.samye.dzong.london.community.Teacher','INSERT',54),(556,'datePublished','2010-05-16 10:27:40',NULL,'bernardmordan@yahoo.co.uk',NULL,'Sun May 16 10:27:40 BST 2010',NULL,'2010-05-16 10:27:40','org.samye.dzong.london.community.Teacher','UPDATE',54),(557,'publishState','2010-05-16 10:27:40','Unpublished','bernardmordan@yahoo.co.uk',NULL,'Published',NULL,'2010-05-16 10:27:40','org.samye.dzong.london.community.Teacher','UPDATE',54),(558,'publishState','2010-05-16 10:27:49','Unpublished','bernardmordan@yahoo.co.uk',NULL,'Ready For Publication',NULL,'2010-05-16 10:27:49','org.samye.dzong.london.community.Article','UPDATE',53),(559,'datePublished','2010-05-16 10:28:30',NULL,'bernardmordan@yahoo.co.uk',NULL,'Sun May 16 10:28:29 BST 2010',NULL,'2010-05-16 10:28:30','org.samye.dzong.london.community.Article','UPDATE',53),(560,'publishState','2010-05-16 10:28:30','Ready For Publication','bernardmordan@yahoo.co.uk',NULL,'Published',NULL,'2010-05-16 10:28:30','org.samye.dzong.london.community.Article','UPDATE',53),(561,'publishState','2010-05-16 10:30:52','Published','bernardmordan@yahoo.co.uk',NULL,'Unpublished',NULL,'2010-05-16 10:30:52','org.samye.dzong.london.community.Article','UPDATE',8),(562,'publishState','2010-05-16 10:31:06','Published','bernardmordan@yahoo.co.uk',NULL,'Unpublished',NULL,'2010-05-16 10:31:06','org.samye.dzong.london.community.Article','UPDATE',28),(563,'publishState','2010-05-16 10:31:15','Published','bernardmordan@yahoo.co.uk',NULL,'Unpublished',NULL,'2010-05-16 10:31:15','org.samye.dzong.london.community.Article','UPDATE',6),(564,'publishState','2010-05-16 10:31:28','Published','bernardmordan@yahoo.co.uk',NULL,'Unpublished',NULL,'2010-05-16 10:31:28','org.samye.dzong.london.community.Article','UPDATE',29),(565,'image','2010-05-16 10:34:24','Golden Buddha (image/png)','bernardmordan@yahoo.co.uk',NULL,'Golden Buddha (image/png)',NULL,'2010-05-16 10:34:24','org.samye.dzong.london.community.Article','UPDATE',8),(566,'content','2010-05-16 10:34:24',NULL,'bernardmordan@yahoo.co.uk',NULL,'The Kagyu tradition is one of the four main schools of Tibetan Buddhism. It is reknowned for its emphasis on meditation as embodied by such great masters as Marpa, Milarepa and Gampopa, whose example inspired people throughout Tibet.\r\n\r\nThe supreme head o',NULL,'2010-05-16 10:34:24','org.samye.dzong.london.community.Article','UPDATE',8),(567,'summary','2010-05-16 10:37:01','To be filled in........','bernardmordan@yahoo.co.uk',NULL,'There are so many different ways to make a meaningful connection to the Centre, to the people who share its life and benefit from it\'s presence.',NULL,'2010-05-16 10:37:01','org.samye.dzong.london.community.Article','UPDATE',28),(568,'image','2010-05-16 10:37:01','Hands (image/jpeg)','bernardmordan@yahoo.co.uk',NULL,'Hands (image/jpeg)',NULL,'2010-05-16 10:37:01','org.samye.dzong.london.community.Article','UPDATE',28),(569,'content','2010-05-16 10:37:01',NULL,'bernardmordan@yahoo.co.uk',NULL,'Come and join our growing team of volunteers who have already started to renovate our new building. We have bought a grade 2 listed building which will become our permanent London centre. The building is substantially bigger than our current Manor Place c',NULL,'2010-05-16 10:37:01','org.samye.dzong.london.community.Article','UPDATE',28),(570,'title','2010-05-16 10:37:01','What is Community?','bernardmordan@yahoo.co.uk',NULL,'Community',NULL,'2010-05-16 10:37:01','org.samye.dzong.london.community.Article','UPDATE',28),(571,'image','2010-05-16 10:37:35','Golden Buddha (image/png)','bernardmordan@yahoo.co.uk',NULL,'Golden Buddha (image/png)',NULL,'2010-05-16 10:37:35','org.samye.dzong.london.community.Article','UPDATE',8),(572,'title','2010-05-16 10:37:35','What is Buddhism?','bernardmordan@yahoo.co.uk',NULL,'Buddhism',NULL,'2010-05-16 10:37:35','org.samye.dzong.london.community.Article','UPDATE',8),(573,'image','2010-05-16 10:38:22','Golden Stupa (image/png)','bernardmordan@yahoo.co.uk',NULL,'Manor Place Shrine Room (image/jpeg)',NULL,'2010-05-16 10:38:22','org.samye.dzong.london.community.Article','UPDATE',6),(574,'content','2010-05-16 10:38:22','The kind of meditation taught at Kagyu Samye Dzong London is called Calm Abiding meditation or Shinay in Tibetan. As the name suggests the aim of this meditation is to achieve a state of tranquillity, and then abide within this state. Learning to meditate','bernardmordan@yahoo.co.uk',NULL,'The kind of meditation taught at Kagyu Samye Dzong London is called Calm Abiding meditation or Shinay in Tibetan. As the name suggests the aim of this meditation is to achieve a state of tranquillity, and then abide within this state. Learning to meditate',NULL,'2010-05-16 10:38:22','org.samye.dzong.london.community.Article','UPDATE',6),(575,'title','2010-05-16 10:38:22','What is Meditation?','bernardmordan@yahoo.co.uk',NULL,'Meditation',NULL,'2010-05-16 10:38:22','org.samye.dzong.london.community.Article','UPDATE',6),(576,'summary','2010-05-16 10:47:47','To be filled in.........','bernardmordan@yahoo.co.uk',NULL,'The Centre offers a wealth of complementary healthcare from qualified practitioners. Each week the community clinic offers a range of treatments at very competitive rates.',NULL,'2010-05-16 10:47:47','org.samye.dzong.london.community.Article','UPDATE',29),(577,'image','2010-05-16 10:47:47','White Tara (image/png)','bernardmordan@yahoo.co.uk',NULL,'Flowers (image/jpeg)',NULL,'2010-05-16 10:47:47','org.samye.dzong.london.community.Article','UPDATE',29),(578,'content','2010-05-16 10:47:47',NULL,'bernardmordan@yahoo.co.uk',NULL,'Community Clinic: Therapies offered\r\nHolistic massage with Lise-Marie Lejamtel\r\n\r\nI worked for a number of years in a caring capacity where I became aware of the benefits of a caring touch. Massage doesn\'t only have physiological effects such as muscle te',NULL,'2010-05-16 10:47:47','org.samye.dzong.london.community.Article','UPDATE',29),(579,'title','2010-05-16 10:47:47','What is Well Being?','bernardmordan@yahoo.co.uk',NULL,'Well Being',NULL,'2010-05-16 10:47:47','org.samye.dzong.london.community.Article','UPDATE',29),(580,'image','2010-05-16 10:49:50','Flowers (image/jpeg)','bernardmordan@yahoo.co.uk',NULL,'Flowers (image/jpeg)',NULL,'2010-05-16 10:49:50','org.samye.dzong.london.community.Article','UPDATE',29),(581,'title','2010-05-16 10:49:50','Well Being','bernardmordan@yahoo.co.uk',NULL,'Community Clinic',NULL,'2010-05-16 10:49:50','org.samye.dzong.london.community.Article','UPDATE',29),(582,NULL,'2010-05-16 10:57:45',NULL,'bernardmordan@yahoo.co.uk',NULL,NULL,NULL,'2010-05-16 10:57:45','org.samye.dzong.london.community.Article','INSERT',55),(583,'image','2010-05-16 11:01:35','Manor Place Shrine Room (image/jpeg)','bernardmordan@yahoo.co.uk',NULL,'Teaching in Carlisle Shrine Room (image/jpeg)',NULL,'2010-05-16 11:01:35','org.samye.dzong.london.community.Article','UPDATE',6),(584,NULL,'2010-05-16 11:05:03',NULL,NULL,NULL,NULL,NULL,'2010-05-16 11:05:03','org.samye.dzong.london.media.Image','INSERT',39),(585,'image','2010-05-16 11:07:15','Teaching in Carlisle Shrine Room (image/jpeg)','bernardmordan@yahoo.co.uk',NULL,'Teaching in Carlisle Shrine Room (image/jpeg)',NULL,'2010-05-16 11:07:15','org.samye.dzong.london.community.Article','UPDATE',6),(586,'content','2010-05-16 11:07:15','The kind of meditation taught at Kagyu Samye Dzong London is called Calm Abiding meditation or Shinay in Tibetan. As the name suggests the aim of this meditation is to achieve a state of tranquillity, and then abide within this state. Learning to meditate','bernardmordan@yahoo.co.uk',NULL,'The kind of meditation taught at Kagyu Samye Dzong London is called Calm Abiding meditation or Shinay in Tibetan. As the name suggests the aim of this meditation is to achieve a state of tranquillity, and then abide within this state. Learning to meditate',NULL,'2010-05-16 11:07:15','org.samye.dzong.london.community.Article','UPDATE',6),(587,'publishState','2010-05-16 11:07:38','Unpublished','bernardmordan@yahoo.co.uk',NULL,'Ready For Publication',NULL,'2010-05-16 11:07:38','org.samye.dzong.london.community.Article','UPDATE',55),(588,'publishState','2010-05-16 11:07:42','Unpublished','bernardmordan@yahoo.co.uk',NULL,'Ready For Publication',NULL,'2010-05-16 11:07:42','org.samye.dzong.london.community.Article','UPDATE',6),(589,'publishState','2010-05-16 11:07:47','Unpublished','bernardmordan@yahoo.co.uk',NULL,'Ready For Publication',NULL,'2010-05-16 11:07:47','org.samye.dzong.london.community.Article','UPDATE',29),(590,'publishState','2010-05-16 11:07:50','Unpublished','bernardmordan@yahoo.co.uk',NULL,'Ready For Publication',NULL,'2010-05-16 11:07:50','org.samye.dzong.london.community.Article','UPDATE',28),(591,'publishState','2010-05-16 11:07:53','Unpublished','bernardmordan@yahoo.co.uk',NULL,'Ready For Publication',NULL,'2010-05-16 11:07:53','org.samye.dzong.london.community.Article','UPDATE',8),(592,'datePublished','2010-05-16 11:08:08','2010-03-07 07:15:25.0','bernardmordan@yahoo.co.uk',NULL,'Sun May 16 11:08:07 BST 2010',NULL,'2010-05-16 11:08:08','org.samye.dzong.london.community.Article','UPDATE',8),(593,'publishState','2010-05-16 11:08:08','Ready For Publication','bernardmordan@yahoo.co.uk',NULL,'Published',NULL,'2010-05-16 11:08:08','org.samye.dzong.london.community.Article','UPDATE',8),(594,'image','2010-05-16 11:08:08','Golden Buddha (image/png)','bernardmordan@yahoo.co.uk',NULL,'Golden Buddha (image/png)',NULL,'2010-05-16 11:08:08','org.samye.dzong.london.community.Article','UPDATE',8),(595,'datePublished','2010-05-16 11:08:24','2010-03-07 08:41:51.0','bernardmordan@yahoo.co.uk',NULL,'Sun May 16 11:08:24 BST 2010',NULL,'2010-05-16 11:08:24','org.samye.dzong.london.community.Article','UPDATE',28),(596,'publishState','2010-05-16 11:08:24','Ready For Publication','bernardmordan@yahoo.co.uk',NULL,'Published',NULL,'2010-05-16 11:08:24','org.samye.dzong.london.community.Article','UPDATE',28),(597,'image','2010-05-16 11:08:24','Hands (image/jpeg)','bernardmordan@yahoo.co.uk',NULL,'Hands (image/jpeg)',NULL,'2010-05-16 11:08:24','org.samye.dzong.london.community.Article','UPDATE',28),(598,'datePublished','2010-05-16 11:08:43','2010-03-07 08:43:05.0','bernardmordan@yahoo.co.uk',NULL,'Sun May 16 11:08:43 BST 2010',NULL,'2010-05-16 11:08:43','org.samye.dzong.london.community.Article','UPDATE',29),(599,'publishState','2010-05-16 11:08:43','Ready For Publication','bernardmordan@yahoo.co.uk',NULL,'Published',NULL,'2010-05-16 11:08:43','org.samye.dzong.london.community.Article','UPDATE',29),(600,'image','2010-05-16 11:08:43','Flowers (image/jpeg)','bernardmordan@yahoo.co.uk',NULL,'Flowers (image/jpeg)',NULL,'2010-05-16 11:08:43','org.samye.dzong.london.community.Article','UPDATE',29),(601,'datePublished','2010-05-16 11:08:59','2010-03-07 07:18:49.0','bernardmordan@yahoo.co.uk',NULL,'Sun May 16 11:08:58 BST 2010',NULL,'2010-05-16 11:08:59','org.samye.dzong.london.community.Article','UPDATE',6),(602,'publishState','2010-05-16 11:08:59','Ready For Publication','bernardmordan@yahoo.co.uk',NULL,'Published',NULL,'2010-05-16 11:08:59','org.samye.dzong.london.community.Article','UPDATE',6),(603,'image','2010-05-16 11:08:59','Teaching in Carlisle Shrine Room (image/jpeg)','bernardmordan@yahoo.co.uk',NULL,'Teaching in Carlisle Shrine Room (image/jpeg)',NULL,'2010-05-16 11:08:59','org.samye.dzong.london.community.Article','UPDATE',6),(604,'datePublished','2010-05-16 11:09:23',NULL,'bernardmordan@yahoo.co.uk',NULL,'Sun May 16 11:09:22 BST 2010',NULL,'2010-05-16 11:09:23','org.samye.dzong.london.community.Article','UPDATE',55),(605,'publishState','2010-05-16 11:09:23','Ready For Publication','bernardmordan@yahoo.co.uk',NULL,'Published',NULL,'2010-05-16 11:09:23','org.samye.dzong.london.community.Article','UPDATE',55),(606,'publishState','2010-05-16 11:39:27','Published','bernardmordan@yahoo.co.uk',NULL,'Unpublished',NULL,'2010-05-16 11:39:27','org.samye.dzong.london.events.Event','UPDATE',52),(607,'displayDate','2010-05-16 11:40:25','true','bernardmordan@yahoo.co.uk',NULL,'false',NULL,'2010-05-16 11:40:25','org.samye.dzong.london.events.Event','UPDATE',52),(608,'leader','2010-05-16 11:40:25','Clive Holmes','bernardmordan@yahoo.co.uk',NULL,'Clive Holmes',NULL,'2010-05-16 11:40:25','org.samye.dzong.london.events.Event','UPDATE',52),(609,'image','2010-05-16 11:40:25','Golden Dragon (image/png)','bernardmordan@yahoo.co.uk',NULL,'Golden Dragon (image/png)',NULL,'2010-05-16 11:40:25','org.samye.dzong.london.events.Event','UPDATE',52),(610,'venue','2010-05-16 11:40:25','Manor Place','bernardmordan@yahoo.co.uk',NULL,'Manor Place',NULL,'2010-05-16 11:40:25','org.samye.dzong.london.events.Event','UPDATE',52),(611,'displayDate','2010-05-16 11:41:13','false','bernardmordan@yahoo.co.uk',NULL,'true',NULL,'2010-05-16 11:41:13','org.samye.dzong.london.events.Event','UPDATE',52),(612,'datePublished','2010-05-16 11:41:13','2010-05-16 10:18:28.0','bernardmordan@yahoo.co.uk',NULL,'Sun May 16 11:41:13 BST 2010',NULL,'2010-05-16 11:41:13','org.samye.dzong.london.events.Event','UPDATE',52),(613,'publishState','2010-05-16 11:41:13','Unpublished','bernardmordan@yahoo.co.uk',NULL,'Published',NULL,'2010-05-16 11:41:13','org.samye.dzong.london.events.Event','UPDATE',52),(614,'leader','2010-05-16 11:41:13','Clive Holmes','bernardmordan@yahoo.co.uk',NULL,'Clive Holmes',NULL,'2010-05-16 11:41:13','org.samye.dzong.london.events.Event','UPDATE',52),(615,'image','2010-05-16 11:41:13','Golden Dragon (image/png)','bernardmordan@yahoo.co.uk',NULL,'Golden Dragon (image/png)',NULL,'2010-05-16 11:41:13','org.samye.dzong.london.events.Event','UPDATE',52),(616,'venue','2010-05-16 11:41:13','Manor Place','bernardmordan@yahoo.co.uk',NULL,'Manor Place',NULL,'2010-05-16 11:41:13','org.samye.dzong.london.events.Event','UPDATE',52),(617,'publishState','2010-05-16 11:47:35','Published','bernardmordan@yahoo.co.uk',NULL,'Unpublished',NULL,'2010-05-16 11:47:35','org.samye.dzong.london.community.Article','UPDATE',8),(618,'image','2010-05-16 11:48:13','Golden Buddha (image/png)','bernardmordan@yahoo.co.uk',NULL,'Golden Buddha (image/png)',NULL,'2010-05-16 11:48:13','org.samye.dzong.london.community.Article','UPDATE',8),(619,'content','2010-05-16 11:48:13','The Kagyu tradition is one of the four main schools of Tibetan Buddhism. It is reknowned for its emphasis on meditation as embodied by such great masters as Marpa, Milarepa and Gampopa, whose example inspired people throughout Tibet.\r\n\r\nThe supreme head o','bernardmordan@yahoo.co.uk',NULL,'The Kagyu tradition is one of the four main schools of Tibetan Buddhism. It is reknowned for its emphasis on meditation as embodied by such great masters as Marpa, Milarepa and Gampopa, whose example inspired people throughout Tibet.\r\n\r\nThe supreme head o',NULL,'2010-05-16 11:48:13','org.samye.dzong.london.community.Article','UPDATE',8),(620,'publishState','2010-05-16 11:48:19','Unpublished','bernardmordan@yahoo.co.uk',NULL,'Ready For Publication',NULL,'2010-05-16 11:48:19','org.samye.dzong.london.community.Article','UPDATE',8),(621,'datePublished','2010-05-16 11:48:32','2010-05-16 11:08:07.0','bernardmordan@yahoo.co.uk',NULL,'Sun May 16 11:48:32 BST 2010',NULL,'2010-05-16 11:48:32','org.samye.dzong.london.community.Article','UPDATE',8),(622,'publishState','2010-05-16 11:48:32','Ready For Publication','bernardmordan@yahoo.co.uk',NULL,'Published',NULL,'2010-05-16 11:48:32','org.samye.dzong.london.community.Article','UPDATE',8),(623,'image','2010-05-16 11:48:32','Golden Buddha (image/png)','bernardmordan@yahoo.co.uk',NULL,'Golden Buddha (image/png)',NULL,'2010-05-16 11:48:32','org.samye.dzong.london.community.Article','UPDATE',8),(624,'publishState','2010-05-16 11:50:03','Published','bernardmordan@yahoo.co.uk',NULL,'Unpublished',NULL,'2010-05-16 11:50:03','org.samye.dzong.london.community.Article','UPDATE',8),(625,'image','2010-05-16 11:59:17','Golden Buddha (image/png)','bernardmordan@yahoo.co.uk',NULL,'His Holiness  the 17th Gyalwa Karmapa (image/jpeg)',NULL,'2010-05-16 11:59:17','org.samye.dzong.london.community.Article','UPDATE',8),(626,'content','2010-05-16 11:59:17','The Kagyu tradition is one of the four main schools of Tibetan Buddhism. It is reknowned for its emphasis on meditation as embodied by such great masters as Marpa, Milarepa and Gampopa, whose example inspired people throughout Tibet.\r\n\r\nThe supreme head o','bernardmordan@yahoo.co.uk',NULL,'The Kagyu tradition is one of the four main schools of Tibetan Buddhism. It is reknowned for its emphasis on meditation as embodied by such great masters as Marpa, Milarepa and Gampopa, whose example inspired people throughout Tibet.\r\n\r\nThe supreme head o',NULL,'2010-05-16 11:59:17','org.samye.dzong.london.community.Article','UPDATE',8),(627,'image','2010-05-16 12:02:48','His Holiness  the 17th Gyalwa Karmapa (image/jpeg)','bernardmordan@yahoo.co.uk',NULL,'Golden Buddha (image/png)',NULL,'2010-05-16 12:02:48','org.samye.dzong.london.community.Article','UPDATE',8),(628,'content','2010-05-16 12:02:48','The Kagyu tradition is one of the four main schools of Tibetan Buddhism. It is reknowned for its emphasis on meditation as embodied by such great masters as Marpa, Milarepa and Gampopa, whose example inspired people throughout Tibet.\r\n\r\nThe supreme head o','bernardmordan@yahoo.co.uk',NULL,'The Kagyu tradition is one of the four main schools of Tibetan Buddhism. It is reknowned for its emphasis on meditation as embodied by such great masters as Marpa, Milarepa and Gampopa, whose example inspired people throughout Tibet.\r\n\r\nThe supreme head o',NULL,'2010-05-16 12:02:48','org.samye.dzong.london.community.Article','UPDATE',8),(629,NULL,'2010-05-16 12:05:38',NULL,NULL,NULL,NULL,NULL,'2010-05-16 12:05:38','org.samye.dzong.london.media.Image','INSERT',40),(630,'image','2010-05-16 12:06:16','Golden Buddha (image/png)','bernardmordan@yahoo.co.uk',NULL,'Golden Buddha (image/png)',NULL,'2010-05-16 12:06:16','org.samye.dzong.london.community.Article','UPDATE',8),(631,'content','2010-05-16 12:06:16','The Kagyu tradition is one of the four main schools of Tibetan Buddhism. It is reknowned for its emphasis on meditation as embodied by such great masters as Marpa, Milarepa and Gampopa, whose example inspired people throughout Tibet.\r\n\r\nThe supreme head o','bernardmordan@yahoo.co.uk',NULL,'The Kagyu tradition is one of the four main schools of Tibetan Buddhism. It is reknowned for its emphasis on meditation as embodied by such great masters as Marpa, Milarepa and Gampopa, whose example inspired people throughout Tibet.\r\n\r\nThe supreme head o',NULL,'2010-05-16 12:06:16','org.samye.dzong.london.community.Article','UPDATE',8),(632,'publishState','2010-05-16 12:06:20','Unpublished','bernardmordan@yahoo.co.uk',NULL,'Ready For Publication',NULL,'2010-05-16 12:06:20','org.samye.dzong.london.community.Article','UPDATE',8),(633,'datePublished','2010-05-16 12:06:41','2010-05-16 11:48:32.0','bernardmordan@yahoo.co.uk',NULL,'Sun May 16 12:06:41 BST 2010',NULL,'2010-05-16 12:06:41','org.samye.dzong.london.community.Article','UPDATE',8),(634,'publishState','2010-05-16 12:06:41','Ready For Publication','bernardmordan@yahoo.co.uk',NULL,'Published',NULL,'2010-05-16 12:06:41','org.samye.dzong.london.community.Article','UPDATE',8),(635,'image','2010-05-16 12:06:41','Golden Buddha (image/png)','bernardmordan@yahoo.co.uk',NULL,'Golden Buddha (image/png)',NULL,'2010-05-16 12:06:41','org.samye.dzong.london.community.Article','UPDATE',8),(636,'home','2010-05-16 12:11:15','true','bernardmordan@yahoo.co.uk',NULL,'false',NULL,'2010-05-16 12:11:15','org.samye.dzong.london.community.Article','UPDATE',29),(637,'featured','2010-05-16 12:11:46','false','bernardmordan@yahoo.co.uk',NULL,'true',NULL,'2010-05-16 12:11:46','org.samye.dzong.london.community.Article','UPDATE',53),(638,'featured','2010-05-16 12:12:08','false','bernardmordan@yahoo.co.uk',NULL,'true',NULL,'2010-05-16 12:12:08','org.samye.dzong.london.community.Article','UPDATE',29),(639,'home','2010-05-16 12:12:32','false','bernardmordan@yahoo.co.uk',NULL,'true',NULL,'2010-05-16 12:12:32','org.samye.dzong.london.community.Article','UPDATE',55),(640,'displayAuthor','2010-05-16 12:12:53','true','bernardmordan@yahoo.co.uk',NULL,'false',NULL,'2010-05-16 12:12:53','org.samye.dzong.london.community.Article','UPDATE',36),(641,'featured','2010-05-16 12:12:53','false','bernardmordan@yahoo.co.uk',NULL,'true',NULL,'2010-05-16 12:12:53','org.samye.dzong.london.community.Article','UPDATE',36),(642,'publishState','2010-06-09 11:05:28','Published','dawn.flowerdew@googlemail.com',NULL,'Unpublished',NULL,'2010-06-09 11:05:28','org.samye.dzong.london.community.Article','UPDATE',55),(643,'image','2010-06-09 11:06:56',NULL,'dawn.flowerdew@googlemail.com',NULL,'Yoga Class (image/jpeg)',NULL,'2010-06-09 11:06:56','org.samye.dzong.london.community.Article','UPDATE',55),(644,'publishState','2010-06-09 11:07:19','Unpublished','dawn.flowerdew@googlemail.com',NULL,'Ready For Publication',NULL,'2010-06-09 11:07:19','org.samye.dzong.london.community.Article','UPDATE',55),(645,'datePublished','2010-06-09 11:07:36','2010-05-16 11:09:22.0','dawn.flowerdew@googlemail.com',NULL,'Wed Jun 09 11:07:36 BST 2010',NULL,'2010-06-09 11:07:36','org.samye.dzong.london.community.Article','UPDATE',55),(646,'publishState','2010-06-09 11:07:36','Ready For Publication','dawn.flowerdew@googlemail.com',NULL,'Published',NULL,'2010-06-09 11:07:36','org.samye.dzong.london.community.Article','UPDATE',55),(647,'image','2010-06-09 11:07:36','Yoga Class (image/jpeg)','dawn.flowerdew@googlemail.com',NULL,'Yoga Class (image/jpeg)',NULL,'2010-06-09 11:07:36','org.samye.dzong.london.community.Article','UPDATE',55),(648,'title','2010-06-09 11:07:36','Well_Being','dawn.flowerdew@googlemail.com',NULL,'Well Being',NULL,'2010-06-09 11:07:36','org.samye.dzong.london.community.Article','UPDATE',55),(649,NULL,'2010-06-13 17:54:11',NULL,NULL,NULL,NULL,NULL,'2010-06-13 17:54:11','org.samye.dzong.london.media.Image','INSERT',41),(650,NULL,'2010-06-13 17:55:54',NULL,'dawn.flowerdew@googlemail.com',NULL,NULL,NULL,'2010-06-13 17:55:54','org.samye.dzong.london.community.Article','INSERT',56),(651,'publishState','2010-06-13 17:55:58','Unpublished','dawn.flowerdew@googlemail.com',NULL,'Ready For Publication',NULL,'2010-06-13 17:55:58','org.samye.dzong.london.community.Article','UPDATE',56),(652,'datePublished','2010-06-13 17:56:19',NULL,'dawn.flowerdew@googlemail.com',NULL,'Sun Jun 13 17:56:19 BST 2010',NULL,'2010-06-13 17:56:19','org.samye.dzong.london.community.Article','UPDATE',56),(653,'featured','2010-06-13 17:56:19','false','dawn.flowerdew@googlemail.com',NULL,'true',NULL,'2010-06-13 17:56:19','org.samye.dzong.london.community.Article','UPDATE',56),(654,'publishState','2010-06-13 17:56:19','Ready For Publication','dawn.flowerdew@googlemail.com',NULL,'Published',NULL,'2010-06-13 17:56:19','org.samye.dzong.london.community.Article','UPDATE',56),(655,'image','2010-06-13 17:56:20','Manor Place Kitchen (image/jpeg)','dawn.flowerdew@googlemail.com',NULL,'Manor Place Kitchen (image/jpeg)',NULL,'2010-06-13 17:56:20','org.samye.dzong.london.community.Article','UPDATE',56),(656,NULL,'2010-06-13 17:59:08',NULL,NULL,NULL,NULL,NULL,'2010-06-13 17:59:08','org.samye.dzong.london.media.Image','INSERT',42),(657,NULL,'2010-06-13 17:59:54',NULL,NULL,NULL,NULL,NULL,'2010-06-13 17:59:54','org.samye.dzong.london.media.Image','INSERT',43),(658,NULL,'2010-06-13 18:01:26',NULL,'dawn.flowerdew@googlemail.com',NULL,NULL,NULL,'2010-06-13 18:01:26','org.samye.dzong.london.community.Article','INSERT',57),(659,'publishState','2010-06-13 18:01:31','Unpublished','dawn.flowerdew@googlemail.com',NULL,'Ready For Publication',NULL,'2010-06-13 18:01:31','org.samye.dzong.london.community.Article','UPDATE',57),(660,'datePublished','2010-06-13 18:02:05',NULL,'dawn.flowerdew@googlemail.com',NULL,'Sun Jun 13 18:02:04 BST 2010',NULL,'2010-06-13 18:02:05','org.samye.dzong.london.community.Article','UPDATE',57),(661,'featured','2010-06-13 18:02:05','false','dawn.flowerdew@googlemail.com',NULL,'true',NULL,'2010-06-13 18:02:05','org.samye.dzong.london.community.Article','UPDATE',57),(662,'publishState','2010-06-13 18:02:05','Ready For Publication','dawn.flowerdew@googlemail.com',NULL,'Published',NULL,'2010-06-13 18:02:05','org.samye.dzong.london.community.Article','UPDATE',57),(663,'image','2010-06-13 18:02:05','Manor Place Renovation Team (image/jpeg)','dawn.flowerdew@googlemail.com',NULL,'Manor Place Renovation Team (image/jpeg)',NULL,'2010-06-13 18:02:05','org.samye.dzong.london.community.Article','UPDATE',57),(664,'publishState','2010-06-13 18:02:35','Published','dawn.flowerdew@googlemail.com',NULL,'Unpublished',NULL,'2010-06-13 18:02:35','org.samye.dzong.london.community.Article','UPDATE',57),(665,'publishState','2010-06-13 18:02:39','Unpublished','dawn.flowerdew@googlemail.com',NULL,'Ready For Publication',NULL,'2010-06-13 18:02:39','org.samye.dzong.london.community.Article','UPDATE',57),(666,'datePublished','2010-06-13 18:02:49','2010-06-13 18:02:04.0','dawn.flowerdew@googlemail.com',NULL,'Sun Jun 13 18:02:49 BST 2010',NULL,'2010-06-13 18:02:49','org.samye.dzong.london.community.Article','UPDATE',57),(667,'category','2010-06-13 18:02:49','M','dawn.flowerdew@googlemail.com',NULL,'C',NULL,'2010-06-13 18:02:49','org.samye.dzong.london.community.Article','UPDATE',57),(668,'publishState','2010-06-13 18:02:49','Ready For Publication','dawn.flowerdew@googlemail.com',NULL,'Published',NULL,'2010-06-13 18:02:49','org.samye.dzong.london.community.Article','UPDATE',57),(669,'image','2010-06-13 18:02:49','Manor Place Renovation Team (image/jpeg)','dawn.flowerdew@googlemail.com',NULL,'Manor Place Renovation Team (image/jpeg)',NULL,'2010-06-13 18:02:49','org.samye.dzong.london.community.Article','UPDATE',57),(670,'publishState','2010-06-13 18:03:53','Published','dawn.flowerdew@googlemail.com',NULL,'Unpublished',NULL,'2010-06-13 18:03:53','org.samye.dzong.london.community.Article','UPDATE',57),(671,'image','2010-06-13 18:05:27','Manor Place Renovation Team (image/jpeg)','dawn.flowerdew@googlemail.com',NULL,'Manor Place Renovation Team (image/jpeg)',NULL,'2010-06-13 18:05:27','org.samye.dzong.london.community.Article','UPDATE',57),(672,'content','2010-06-13 18:05:27','Come and join our growing team of volunteers who have already started to renovate our new building. We have bought a grade 2 listed building which will become our permanent London centre. The building is substantially bigger than our current Manor Place c','dawn.flowerdew@googlemail.com',NULL,'Come and join our growing team of volunteers who have already started to renovate our new building. We have bought a grade 2 listed building which will become our permanent London centre. The building is substantially bigger than our current Manor Place c',NULL,'2010-06-13 18:05:27','org.samye.dzong.london.community.Article','UPDATE',57),(673,'publishState','2010-06-13 18:05:34','Unpublished','dawn.flowerdew@googlemail.com',NULL,'Ready For Publication',NULL,'2010-06-13 18:05:34','org.samye.dzong.london.community.Article','UPDATE',57),(674,'datePublished','2010-06-13 18:05:43','2010-06-13 18:02:49.0','dawn.flowerdew@googlemail.com',NULL,'Sun Jun 13 18:05:42 BST 2010',NULL,'2010-06-13 18:05:43','org.samye.dzong.london.community.Article','UPDATE',57),(675,'publishState','2010-06-13 18:05:43','Ready For Publication','dawn.flowerdew@googlemail.com',NULL,'Published',NULL,'2010-06-13 18:05:43','org.samye.dzong.london.community.Article','UPDATE',57),(676,'image','2010-06-13 18:05:43','Manor Place Renovation Team (image/jpeg)','dawn.flowerdew@googlemail.com',NULL,'Manor Place Renovation Team (image/jpeg)',NULL,'2010-06-13 18:05:43','org.samye.dzong.london.community.Article','UPDATE',57),(677,'deleted','2010-06-13 18:06:32','false','dawn.flowerdew@googlemail.com',NULL,'true',NULL,'2010-06-13 18:06:32','org.samye.dzong.london.community.Article','UPDATE',34),(678,'publishState','2010-06-13 18:06:32','Published','dawn.flowerdew@googlemail.com',NULL,'Unpublished',NULL,'2010-06-13 18:06:32','org.samye.dzong.london.community.Article','UPDATE',34),(679,'deleted','2010-06-13 18:06:37','false','dawn.flowerdew@googlemail.com',NULL,'true',NULL,'2010-06-13 18:06:37','org.samye.dzong.london.community.Article','UPDATE',41),(680,'image','2010-06-13 18:07:23','1000 buddhas in saamye ling (image/jpeg)','dawn.flowerdew@googlemail.com',NULL,'1000 buddhas in saamye ling (image/jpeg)',NULL,'2010-06-13 18:07:23','org.samye.dzong.london.community.Article','UPDATE',32),(681,'content','2010-06-13 18:07:23','Sept 09 - 1,000 Buddhas from Tibet coming to Bermonsey South London\r\n\r\nBuddhists in Bermondsey\'s old public library are working hard on an unusual restoration project. Having taken over an old building used by the council they are busy removing the artifi','dawn.flowerdew@googlemail.com',NULL,'h2. Sept 09 - 1,000 Buddhas from Tibet coming to Bermonsey South London\r\n\r\nBuddhists in Bermondsey\'s old public library are working hard on an unusual restoration project. Having taken over an old building used by the council they are busy removing the ar',NULL,'2010-06-13 18:07:23','org.samye.dzong.london.community.Article','UPDATE',32),(682,'publishState','2010-06-13 18:07:26','Unpublished','dawn.flowerdew@googlemail.com',NULL,'Ready For Publication',NULL,'2010-06-13 18:07:26','org.samye.dzong.london.community.Article','UPDATE',32),(683,'datePublished','2010-06-13 18:08:12',NULL,'dawn.flowerdew@googlemail.com',NULL,'Sun Jun 13 18:08:11 BST 2010',NULL,'2010-06-13 18:08:12','org.samye.dzong.london.community.Article','UPDATE',32),(684,'category','2010-06-13 18:08:12','B','dawn.flowerdew@googlemail.com',NULL,'C',NULL,'2010-06-13 18:08:12','org.samye.dzong.london.community.Article','UPDATE',32),(685,'publishState','2010-06-13 18:08:12','Ready For Publication','dawn.flowerdew@googlemail.com',NULL,'Published',NULL,'2010-06-13 18:08:12','org.samye.dzong.london.community.Article','UPDATE',32),(686,'image','2010-06-13 18:08:12','1000 buddhas in saamye ling (image/jpeg)','dawn.flowerdew@googlemail.com',NULL,'1000 buddhas in saamye ling (image/jpeg)',NULL,'2010-06-13 18:08:12','org.samye.dzong.london.community.Article','UPDATE',32),(687,'publishState','2010-06-13 18:08:44','Published','dawn.flowerdew@googlemail.com',NULL,'Unpublished',NULL,'2010-06-13 18:08:44','org.samye.dzong.london.community.Article','UPDATE',32),(688,'publishState','2010-06-13 18:08:47','Unpublished','dawn.flowerdew@googlemail.com',NULL,'Ready For Publication',NULL,'2010-06-13 18:08:47','org.samye.dzong.london.community.Article','UPDATE',32),(689,'datePublished','2010-06-13 18:08:56','2010-06-13 18:08:11.0','dawn.flowerdew@googlemail.com',NULL,'Sun Jun 13 18:08:55 BST 2010',NULL,'2010-06-13 18:08:56','org.samye.dzong.london.community.Article','UPDATE',32),(690,'featured','2010-06-13 18:08:56','false','dawn.flowerdew@googlemail.com',NULL,'true',NULL,'2010-06-13 18:08:56','org.samye.dzong.london.community.Article','UPDATE',32),(691,'publishState','2010-06-13 18:08:56','Ready For Publication','dawn.flowerdew@googlemail.com',NULL,'Published',NULL,'2010-06-13 18:08:56','org.samye.dzong.london.community.Article','UPDATE',32),(692,'image','2010-06-13 18:08:56','1000 buddhas in saamye ling (image/jpeg)','dawn.flowerdew@googlemail.com',NULL,'1000 buddhas in saamye ling (image/jpeg)',NULL,'2010-06-13 18:08:56','org.samye.dzong.london.community.Article','UPDATE',32);
/*!40000 ALTER TABLE `audit_log` ENABLE KEYS */;
UNLOCK TABLES;

--
-- Table structure for table `contact`
--

DROP TABLE IF EXISTS `contact`;
SET @saved_cs_client     = @@character_set_client;
SET character_set_client = utf8;
CREATE TABLE `contact` (
  `id` bigint(20) NOT NULL auto_increment,
  `version` bigint(20) NOT NULL,
  `name` varchar(255) NOT NULL,
  PRIMARY KEY  (`id`)
) ENGINE=MyISAM DEFAULT CHARSET=utf8;
SET character_set_client = @saved_cs_client;

--
-- Dumping data for table `contact`
--

LOCK TABLES `contact` WRITE;
/*!40000 ALTER TABLE `contact` DISABLE KEYS */;
/*!40000 ALTER TABLE `contact` ENABLE KEYS */;
UNLOCK TABLES;

--
-- Table structure for table `email`
--

DROP TABLE IF EXISTS `email`;
SET @saved_cs_client     = @@character_set_client;
SET character_set_client = utf8;
CREATE TABLE `email` (
  `id` bigint(20) NOT NULL,
  `address` varchar(255) default NULL,
  `type` varchar(5) default NULL,
  PRIMARY KEY  (`id`)
) ENGINE=MyISAM DEFAULT CHARSET=utf8;
SET character_set_client = @saved_cs_client;

--
-- Dumping data for table `email`
--

LOCK TABLES `email` WRITE;
/*!40000 ALTER TABLE `email` DISABLE KEYS */;
/*!40000 ALTER TABLE `email` ENABLE KEYS */;
UNLOCK TABLES;

--
-- Table structure for table `event`
--

DROP TABLE IF EXISTS `event`;
SET @saved_cs_client     = @@character_set_client;
SET character_set_client = utf8;
CREATE TABLE `event` (
  `id` bigint(20) NOT NULL,
  `summary` longtext,
  `title` varchar(254) default NULL,
  `leader_id` bigint(20) default NULL,
  `is_repeatable` tinyint(1) default NULL,
  `organizer_id` bigint(20) default NULL,
  `image_id` bigint(20) default NULL,
  `venue_id` bigint(20) default NULL,
  `content` longtext,
  PRIMARY KEY  (`id`),
  UNIQUE KEY `title` (`title`),
  KEY `FK5C6729AB776D63` (`image_id`),
  KEY `FK5C6729A8D6FE8C1` (`leader_id`),
  KEY `FK5C6729A7FAD865A` (`organizer_id`),
  KEY `FK5C6729A7B3A8B2E` (`venue_id`)
) ENGINE=MyISAM DEFAULT CHARSET=utf8;
SET character_set_client = @saved_cs_client;

--
-- Dumping data for table `event`
--

LOCK TABLES `event` WRITE;
/*!40000 ALTER TABLE `event` DISABLE KEYS */;
INSERT INTO `event` VALUES (19,'To be filled in ','Yoga on Wednesdays',14,0,2,NULL,1,'To be filled in....'),(20,'Free - All welcome. Please note that weekly meditations on Wednesday or Friday, 7pm &ndash; 8pm will not take place if there is a teaching in the programme. Please check the main programme.','Shinay Meditation',13,0,NULL,NULL,1,'To be filled in........'),(22,'To be filled in.....','Martial Arts',21,0,NULL,NULL,1,'To be filled in.........'),(23,'To be filled in...........','Introduction to Meditation',9,0,NULL,15,1,'To be filled in..........'),(24,'To be filled in............','Yoga on Thursdays',15,0,NULL,25,1,'To be filled in.........'),(25,'To be filled in.......','Guru Rinpoche Tsok Puja',13,0,2,12,1,'To be filled in.'),(26,'ma Yeshe Losal Rinpoche, Abbot of Samye Ling Monastery and Director of the Holy Isle Project will be at Kagyu Samye Dzong London for two days of teaching. A Master who has spent many years in solitary retreat, Lama Yeshe Rinpoche&rsquo;s teachings are always fresh, relevant and inspiring. As these teachings are always hugely popular we strongly advise that you book in advance.','Living Dharma Teachings ',10,0,2,21,1,'To be filled in.'),(27,'This course for complete beginners will focus on learning the Tibetan Alphabet and how to spell, read and write. Elements of Tibetan grammar and vocabulary will also be introduced. Bring pen and paper. It is essential to book in advance. The course will only run if there are enough participants.','Tibetan Language for Beginners',9,0,2,15,1,''),(33,'Lama Yeshe will ....','Living Dharma: Teachings and Refuge',10,0,NULL,21,1,'the text goes here'),(38,'Stress may seem to arise due to external factors, but circumstances will always be sometimes favourable, sometimes unfavourable. We need to see that it is our mind that creates our world and to learn to be comfortable with whatever arises. Compassion is at the heart of this process. This course will include a number of stress reduction exercises.\r\n','Stress Reduction Based on Compassion',37,0,10,NULL,1,''),(39,'The day will be devoted to practice as a way of overcoming obstacles and freeing beings from suffering. The practice will be dedicated to the long life and activity of HH Karmapa and our lineage masters.','Green_Tara_Day',9,0,10,NULL,1,''),(40,'The day will be devoted to practice as a way of overcoming obstacles and freeing beings from suffering. The practice will be dedicated to the long life and activity of HH Karmapa and our lineage masters.','Green Tara Day - May 2010',9,0,10,NULL,1,''),(42,'Prepare for the opening of Kagyu Samye Dzong Spa Road','Volunteer_Weekend',13,0,NULL,NULL,2,'With the auspicious occasion of the opening of our magnificent permanent new home this month, your help is needed to make sure that everything is ready for this exciting and joyful event. Join us for a very special volunteer weekend. Share in a real piece of history and help ensure that this wonderful event is a success. Lunch provided on both days. '),(43,'Tibetan meditation practice with both sitting and slow movement forms. Weekend lead by Ann Overzee','Kum_Nye',9,0,NULL,NULL,1,'This practice weekend offers an opportunity to experience the Kum Nye Tibetan meditation practice, which involves both sitting and slow movement forms. Kum Nye works on the physical, emotional and energetic blockages held in our bodies, allowing us to re-connect with our aliveness and natural flow of energy. Wear loose comfortable clothes. Bring vegetarian lunch to share.\r\n\r\nAnne Overzee is a long-term meditation practitioner. She is also an experienced psychotherapist working with mindfulness-based meditation techniques within the framework of traditional psychotherapy.'),(45,'Volunteer day at both Centres!','Volunteer_Day',13,0,8,8,1,'Come along and help us with a variety of jobs around the Kagyu Samye Dzong centres. Lunch and refreshments will be provided. Please let us know in advance if you can come.'),(46,'A day of practice to help us overcome inner and outer obstacles. The day will be dedicated ','Green_Tara_Day_July',9,0,8,4,1,'This day will be devoted to practice as a way of overcoming obstacles and freeing beings from suffering. The practice will be dedicated to the long life and activity of HH Karmapa and our lineage masters.'),(47,'Teachings with Khenpo Lhabu or Drupon Rinpoche.','Drupon_Rinpoche',48,0,8,36,1,'Drupon Rinpoche, also known as Khenpo Lhabu, has spent much time in retreat and has received teachings from HH 17th Karmapa, the 12th Tai Situ Rinpoche and Thrangu Rinpoche. The latter asked Drupon Rinpoche to become retreat master for the traditional retreat at the site of Milarepas cave in Nepal in 2004. Drupon Rinpoche will be teaching during this period on the Heart Sutra, the Prajnaparamita and other topics. More details of the course will be on our website and in our newsletter closer to the time. Please keep a look out or contact the office for bookings. '),(49,'Summer volunteer day','August_Volunteer_Day',13,0,8,26,1,'Help us to keep the centre clean and tidy and welcoming and have a fun day too. Lunch included. Please let us know in advance if you can come.'),(50,'let go of ego-clinging and self-importance and work for the welfare of others.','Seven_Points_of_Mind_Training',9,0,NULL,18,1,''),(51,'The wonder and colour of everyday experience can be opened up to us through increased awareness and understanding.','Meditation_&_Visualisation',37,0,NULL,32,1,'The wonder and colour of everyday experience can be opened up to us through increased awareness and understanding. If we can combine this with mindfulness we can come to see ordinary things in an extraordinary way. This course will aid this process by focussing on exercises of breathing meditation and visualisation, helping us to relax and improve. '),(52,'how to live a happy and useful life','Restoring_The_Balance',37,0,8,27,1,'Choje Akong Tulku Rinpoches book \"Restoring the Balance\" offers deep insight into how to live a happy and useful life. This course will focus on some vivid topics from the book such as freedom, our true nature, developing compassion. Clive is the editor of this book and will use this weekend to lead some of the exercises from it.');
/*!40000 ALTER TABLE `event` ENABLE KEYS */;
UNLOCK TABLES;

--
-- Table structure for table `pending_email_confirmation`
--

DROP TABLE IF EXISTS `pending_email_confirmation`;
SET @saved_cs_client     = @@character_set_client;
SET character_set_client = utf8;
CREATE TABLE `pending_email_confirmation` (
  `ID` bigint(20) NOT NULL auto_increment,
  `version` bigint(20) NOT NULL,
  `timestamp` datetime NOT NULL,
  `user_token` text,
  `email_address` varchar(80) NOT NULL,
  `confirmation_token` varchar(80) NOT NULL,
  PRIMARY KEY  (`ID`)
) ENGINE=MyISAM DEFAULT CHARSET=utf8;
SET character_set_client = @saved_cs_client;

--
-- Dumping data for table `pending_email_confirmation`
--

LOCK TABLES `pending_email_confirmation` WRITE;
/*!40000 ALTER TABLE `pending_email_confirmation` DISABLE KEYS */;
/*!40000 ALTER TABLE `pending_email_confirmation` ENABLE KEYS */;
UNLOCK TABLES;

--
-- Table structure for table `price`
--

DROP TABLE IF EXISTS `price`;
SET @saved_cs_client     = @@character_set_client;
SET character_set_client = utf8;
CREATE TABLE `price` (
  `id` bigint(20) NOT NULL auto_increment,
  `version` bigint(20) NOT NULL,
  `category` varchar(1) NOT NULL,
  `price` double NOT NULL,
  `currency` varchar(255) NOT NULL,
  `class` varchar(255) NOT NULL,
  `event_id` bigint(20) default NULL,
  `prices_idx` int(11) default NULL,
  PRIMARY KEY  (`id`),
  KEY `FK65FB149EF265472` (`event_id`)
) ENGINE=MyISAM AUTO_INCREMENT=97 DEFAULT CHARSET=utf8;
SET character_set_client = @saved_cs_client;

--
-- Dumping data for table `price`
--

LOCK TABLES `price` WRITE;
/*!40000 ALTER TABLE `price` DISABLE KEYS */;
INSERT INTO `price` VALUES (1,0,'F',0,'GBP','org.samye.dzong.london.events.EventPrice',7,0),(2,0,'S',0,'GBP','org.samye.dzong.london.events.EventPrice',7,1),(3,0,'M',0,'GBP','org.samye.dzong.london.events.EventPrice',7,2),(4,0,'O',0,'GBP','org.samye.dzong.london.events.EventPrice',7,3),(5,0,'F',20,'GBP','org.samye.dzong.london.events.EventPrice',17,0),(6,0,'S',0,'GBP','org.samye.dzong.london.events.EventPrice',17,1),(7,0,'M',0,'GBP','org.samye.dzong.london.events.EventPrice',17,2),(8,0,'O',0,'GBP','org.samye.dzong.london.events.EventPrice',17,3),(9,0,'F',10,'GBP','org.samye.dzong.london.events.EventPrice',18,0),(10,0,'S',0,'GBP','org.samye.dzong.london.events.EventPrice',18,1),(11,0,'M',0,'GBP','org.samye.dzong.london.events.EventPrice',18,2),(12,0,'O',0,'GBP','org.samye.dzong.london.events.EventPrice',18,3),(13,0,'F',0,'GBP','org.samye.dzong.london.events.EventPrice',19,0),(14,0,'S',10,'GBP','org.samye.dzong.london.events.EventPrice',19,1),(15,0,'M',0,'GBP','org.samye.dzong.london.events.EventPrice',19,2),(16,0,'O',0,'GBP','org.samye.dzong.london.events.EventPrice',19,3),(17,0,'F',0,'GBP','org.samye.dzong.london.events.EventPrice',20,0),(18,0,'S',0,'GBP','org.samye.dzong.london.events.EventPrice',20,1),(19,0,'M',0,'GBP','org.samye.dzong.london.events.EventPrice',20,2),(20,0,'O',0,'GBP','org.samye.dzong.london.events.EventPrice',20,3),(21,0,'F',10,'GBP','org.samye.dzong.london.events.EventPrice',22,0),(22,0,'S',0,'GBP','org.samye.dzong.london.events.EventPrice',22,1),(23,0,'M',0,'GBP','org.samye.dzong.london.events.EventPrice',22,2),(24,0,'O',0,'GBP','org.samye.dzong.london.events.EventPrice',22,3),(25,0,'F',10,'GBP','org.samye.dzong.london.events.EventPrice',23,0),(26,0,'S',0,'GBP','org.samye.dzong.london.events.EventPrice',23,1),(27,0,'M',0,'GBP','org.samye.dzong.london.events.EventPrice',23,2),(28,0,'O',0,'GBP','org.samye.dzong.london.events.EventPrice',23,3),(29,0,'F',10,'GBP','org.samye.dzong.london.events.EventPrice',24,0),(30,0,'S',0,'GBP','org.samye.dzong.london.events.EventPrice',24,1),(31,0,'M',0,'GBP','org.samye.dzong.london.events.EventPrice',24,2),(32,0,'O',0,'GBP','org.samye.dzong.london.events.EventPrice',24,3),(33,0,'F',0,'GBP','org.samye.dzong.london.events.EventPrice',25,0),(34,0,'S',0,'GBP','org.samye.dzong.london.events.EventPrice',25,1),(35,0,'M',0,'GBP','org.samye.dzong.london.events.EventPrice',25,2),(36,0,'O',0,'GBP','org.samye.dzong.london.events.EventPrice',25,3),(37,0,'F',55,'GBP','org.samye.dzong.london.events.EventPrice',26,0),(38,0,'S',0,'GBP','org.samye.dzong.london.events.EventPrice',26,1),(39,0,'M',0,'GBP','org.samye.dzong.london.events.EventPrice',26,2),(40,0,'O',0,'GBP','org.samye.dzong.london.events.EventPrice',26,3),(41,0,'F',55,'GBP','org.samye.dzong.london.events.EventPrice',27,0),(42,0,'S',0,'GBP','org.samye.dzong.london.events.EventPrice',27,1),(43,0,'M',0,'GBP','org.samye.dzong.london.events.EventPrice',27,2),(44,0,'O',0,'GBP','org.samye.dzong.london.events.EventPrice',27,3),(45,0,'F',55,'GBP','org.samye.dzong.london.events.EventPrice',33,0),(46,0,'S',0,'GBP','org.samye.dzong.london.events.EventPrice',33,1),(47,0,'M',0,'GBP','org.samye.dzong.london.events.EventPrice',33,2),(48,0,'O',0,'GBP','org.samye.dzong.london.events.EventPrice',33,3),(49,1,'F',20,'GBP','org.samye.dzong.london.events.EventPrice',38,0),(50,0,'S',0,'GBP','org.samye.dzong.london.events.EventPrice',38,1),(51,0,'M',0,'GBP','org.samye.dzong.london.events.EventPrice',38,2),(52,0,'O',0,'GBP','org.samye.dzong.london.events.EventPrice',38,3),(53,0,'F',0,'GBP','org.samye.dzong.london.events.EventPrice',39,0),(54,0,'S',0,'GBP','org.samye.dzong.london.events.EventPrice',39,1),(55,0,'M',0,'GBP','org.samye.dzong.london.events.EventPrice',39,2),(56,0,'O',0,'GBP','org.samye.dzong.london.events.EventPrice',39,3),(57,1,'F',1,'GBP','org.samye.dzong.london.events.EventPrice',40,0),(58,0,'S',0,'GBP','org.samye.dzong.london.events.EventPrice',40,1),(59,0,'M',0,'GBP','org.samye.dzong.london.events.EventPrice',40,2),(60,0,'O',0,'GBP','org.samye.dzong.london.events.EventPrice',40,3),(61,0,'F',0,'GBP','org.samye.dzong.london.events.EventPrice',42,0),(62,0,'S',0,'GBP','org.samye.dzong.london.events.EventPrice',42,1),(63,0,'M',0,'GBP','org.samye.dzong.london.events.EventPrice',42,2),(64,0,'O',0,'GBP','org.samye.dzong.london.events.EventPrice',42,3),(65,0,'F',55,'GBP','org.samye.dzong.london.events.EventPrice',43,0),(66,0,'S',0,'GBP','org.samye.dzong.london.events.EventPrice',43,1),(67,0,'M',0,'GBP','org.samye.dzong.london.events.EventPrice',43,2),(68,0,'O',0,'GBP','org.samye.dzong.london.events.EventPrice',43,3),(69,0,'F',0,'GBP','org.samye.dzong.london.events.EventPrice',45,0),(70,0,'S',0,'GBP','org.samye.dzong.london.events.EventPrice',45,1),(71,0,'M',0,'GBP','org.samye.dzong.london.events.EventPrice',45,2),(72,0,'O',0,'GBP','org.samye.dzong.london.events.EventPrice',45,3),(73,0,'F',0,'GBP','org.samye.dzong.london.events.EventPrice',46,0),(74,0,'S',0,'GBP','org.samye.dzong.london.events.EventPrice',46,1),(75,0,'M',0,'GBP','org.samye.dzong.london.events.EventPrice',46,2),(76,0,'O',0,'GBP','org.samye.dzong.london.events.EventPrice',46,3),(77,0,'F',0,'GBP','org.samye.dzong.london.events.EventPrice',47,0),(78,0,'S',0,'GBP','org.samye.dzong.london.events.EventPrice',47,1),(79,0,'M',0,'GBP','org.samye.dzong.london.events.EventPrice',47,2),(80,0,'O',0,'GBP','org.samye.dzong.london.events.EventPrice',47,3),(81,0,'F',0,'GBP','org.samye.dzong.london.events.EventPrice',49,0),(82,0,'S',0,'GBP','org.samye.dzong.london.events.EventPrice',49,1),(83,0,'M',0,'GBP','org.samye.dzong.london.events.EventPrice',49,2),(84,0,'O',0,'GBP','org.samye.dzong.london.events.EventPrice',49,3),(85,0,'F',55,'GBP','org.samye.dzong.london.events.EventPrice',50,0),(86,0,'S',0,'GBP','org.samye.dzong.london.events.EventPrice',50,1),(87,0,'M',0,'GBP','org.samye.dzong.london.events.EventPrice',50,2),(88,0,'O',0,'GBP','org.samye.dzong.london.events.EventPrice',50,3),(89,0,'F',20,'GBP','org.samye.dzong.london.events.EventPrice',51,0),(90,0,'S',0,'GBP','org.samye.dzong.london.events.EventPrice',51,1),(91,0,'M',0,'GBP','org.samye.dzong.london.events.EventPrice',51,2),(92,0,'O',0,'GBP','org.samye.dzong.london.events.EventPrice',51,3),(93,0,'F',55,'GBP','org.samye.dzong.london.events.EventPrice',52,0),(94,0,'S',0,'GBP','org.samye.dzong.london.events.EventPrice',52,1),(95,0,'M',0,'GBP','org.samye.dzong.london.events.EventPrice',52,2),(96,0,'O',0,'GBP','org.samye.dzong.london.events.EventPrice',52,3);
/*!40000 ALTER TABLE `price` ENABLE KEYS */;
UNLOCK TABLES;

--
-- Table structure for table `profile`
--

DROP TABLE IF EXISTS `profile`;
SET @saved_cs_client     = @@character_set_client;
SET character_set_client = utf8;
CREATE TABLE `profile` (
  `id` bigint(20) NOT NULL auto_increment,
  `version` bigint(20) NOT NULL,
  `last_logged_in` datetime default NULL,
  `nick_name` longtext,
  `public_name` longtext NOT NULL,
  `last_updated` datetime default NULL,
  `image` longblob NOT NULL,
  `date_created` datetime default NULL,
  `mime_type` varchar(255) NOT NULL,
  PRIMARY KEY  (`id`)
) ENGINE=MyISAM AUTO_INCREMENT=5 DEFAULT CHARSET=utf8;
SET character_set_client = @saved_cs_client;

--
-- Dumping data for table `profile`
--

LOCK TABLES `profile` WRITE;
/*!40000 ALTER TABLE `profile` DISABLE KEYS */;
INSERT INTO `profile` VALUES (1,8,'2010-06-14 13:48:53','Leanne','Leanne Northrop','2010-06-14 13:48:53','\0JFIF\0\0\0\0\0\0\0C\0		\n\r\Z\Z $.\' \",#(7),01444\'9=82<.342\0C			\r\r2!!22222222222222222222222222222222222222222222222222\0\0J\0J\"\0\0\0\0\0\0\0\0\0\0\0\0	\n\0\0\0\0}\0!1AQa\"q2#BR$3br	\n\Z%&\'()*456789:CDEFGHIJSTUVWXYZcdefghijstuvwxyz\0\0\0\0\0\0\0\0	\n\0\0\0w\0!1AQaq\"2B	#3Rbr\n$4%\Z&\'()*56789:CDEFGHIJSTUVWXYZcdefghijstuvwxyz\0\0\0?\0)})HTLd$AuwmgMu<pv\0\n|E}\Zf@y&~&vJ\ncFl?<biNbg^oey;!8=\053!hE\0}Ims\rBXd_=>Ih89IR2rNy#f]V;s\\COGe)##]Vev<G~@0PcU$L8\'x\0\n\0W1ryyL5NB^kFK{i2`&Ol~4G5\ZR]4BwQ-wai\0k#P4e\":-/N>^Y>1ER=kHEAT;X{9Pjj{k wO\\\r_|RY?|yU/~H)mM6`^bm=4/Gx+W__g>nqr|;WX@HV@;Pj]15B#,y^&EF~6PzPM{tVI?y5\".2AM\\Y3xd%qZ\0!K 8B\'>Xs&Pp8kHg7$Ncc>\0Pcf%>ac2.3!X1$\\K36w@|!p\Z\\my[q32e(<P?wp$tWX@#FqV)fvqgqFc\0Z\0sN6ws#p V=^io/L{>kt9,:}*Mvo((1i	kj{Z(z:-n:u	FOn?1kkK]!jAt]]RH!sPEmXvjw.U>\\7+ARH[Kb\nkDDI!=T`Vjr2O\0\Z,\nya/X\0E%,WN\'NU@08##i,@B2 eqT\Z9\'K$5,6nx4&a&3!:\0chQN\0r\n\05\0?~]\r\06gU&f~c?','2010-06-11 20:19:23','image/jpeg'),(2,5,'2010-06-14 20:22:54','Admin','Leanne','2010-06-14 20:22:54','\0JFIF\0\0\0\0\0\0\0C\0		\n\r\Z\Z $.\' \",#(7),01444\'9=82<.342\0C			\r\r2!!22222222222222222222222222222222222222222222222222\0\0K\0K\"\0\0\0\0\0\0\0\0\0\0\0\0	\n\0\0\0\0}\0!1AQa\"q2#BR$3br	\n\Z%&\'()*456789:CDEFGHIJSTUVWXYZcdefghijstuvwxyz\0\0\0\0\0\0\0\0	\n\0\0\0w\0!1AQaq\"2B	#3Rbr\n$4%\Z&\'()*56789:CDEFGHIJSTUVWXYZcdefghijstuvwxyz\0\0\0?\0$#\n.$N4Vj<n8wM%.-4[#={\\=LN#Jm~+Y\0l9x RqVR/K4%bp\Z:GJ.D1$SWqcXZ\0V7=%Gr2k+X\0PD` :kK9uLDvnLe_bp+W/60$zTArC;FVS!xC\Z}\0zvpLHbqW<vSO)-rXFiFVwgEJiUf23}SjZ|WAVc_jvslr!v\\Wu3&Fe \\g>dqq\nr\"+	?z]y*}j\">r\rskI>x/zT;\0*H\n_E 27\0cX1rEMZM/c:XOlkcp0JleV:}\0y\nXtM.Pi8mNW<\'2/Om`y+uqd_pX\0Qcu5-$)#|%r#@?x]Z6<v+L[\"UKdU{\nZSRE\'k_Hz7hn5_\rulzW>!6s:m$2yk5b	g;}k1YQJLxg\\:#4W\'h);T+^2mZ<b\02 [GV-?r*bo(;[iw9$NLs~\r{G!yB~+=>DL^^Qe0W Wb1y*tYkqxt61:\0N	r2k^s\ZMk,R.t*X\'Vb^Z7&*U\r,};VJc2ATJ,GFH=yYKShO?cykg(v9=:lv\0zjEN3gTKPm{P_Y]}K?:}]@wq]j>aS&\ZkOss[B)sjs	\"u@9\nkr#YZ,DAOQj*ww?','2010-06-11 20:20:18','image/jpeg'),(3,0,'2010-06-11 20:26:18',NULL,'Not Known','2010-06-11 20:26:18','PNG\r\n\Z\n\0\0\0\rIHDR\0\0\0J\0\0\0J\0\0\0q\0\0iCCPICC Profile\0\0xXgTMeqKY@rs\"D\"AJ0L(@Dw={355]5SO\0od\0#blMi.4;hP@76Jme@/wub?\0\Z\r5F3`g_vq?x|\Z\0D#z{@Wh	\0\0(0\r=\na,z{{Kw?klD;g`\0\"A|\0\ZAdTRLp`PM,WF \'o_{l>\0[Mg=\rGx=\0\0\\IGjC<`,! P@\n	|Aw9AiPyZA;@/x\0!\Z	0\r\"Xa!D8!~H 5H2, [(:rB+P7\r@[h~A$`A\"D5a@\"LD>QhAt zOyo$@lH4R\riB\"1Cd	||@. 0(*FiLQ(_T4*UjDu^&Qm4	Dk@t\":]G_GGFOW0Qb\\0!L\ns	La~cXN$Vkae]4v\rGp8W\\.W{m0D4N21`x0x-=>_o A`C&J		?DfN\'=%$J%H&R?i(hX;\'S2S	ULd(M>D wG)T<N\\PfF~HK=BN`X,f,!,,,XYYXYVf`Cdkga[gecg?}C#kuN\Zg(gg\'{.\rW\"Y\\,9x<<<)<y5-]c+7O/JJih<56-\n7aQ	9#PdU.$zLStA7\'b$1hZWq5P*!	DDsIddZJ]*BVjT(\' ,=)&c!!)]VXU@\\\\<^$|*^)*I*+UzLUT>2*Z:fH~KFFMiP{{i{i+[;\']_N?FAA!0QcA@fEeSiY^{?YHXXDX,\'/b_2*zoMib+o{nE{}cb}LMNNNO\\\\]\\NM+gx=xxryy{U/EMo+Z>f>>g|tg\nftJ\rTZ69]\n{wG0GF<9%5}:z1<>cx			kWPDx$t<i&8B\n*7\'SRkA|	eM7=<!Q|L&GbFiFeg?;xv_\\<\'OvRSSF\nt\n\Z)SEEO(T?3QjQU&\\vl<u~JU~U/m^?|MIMGhmy_^PTU[0hxI\"V6Klr/^2nwUj5ks:.}74o\\)sOs7}c{v=Hj;<xg*:>\ZR1g/\r_>xe}GFN{36w	69K>|(I>MN9diVaWQY(*}CE1?w~-q.5,+-a%|ec5gsN3-;;;Q1\0>#\0\0\0\0\0_	^+p0_:0/4\nA1P#;Hd\"re\ZD?a~\\42A\n`4gR (Tf<f1qpZpq\\kfDES9$%HmUPU:<f%msB>@0)LyaZ}Vlm-c:vrEjYw0T0\"c67 pBhi<3GPGv2.e-:!]h#kB\nJ|+*XVy6Ou\r\Z4^k,Zvv,wwpwv!=}}PQOIlq^yuuHho[Ga	O!SSKge|Ue7o{~Z%syxg?J0_\0	3.!KE\0>yFPWh/2kb+pqb;)1@yu\"*\'cWA ,d%-O\\	=+B_JM\r>M=ZOuM\r.Ln%,d,5ZYZxE98;e;V7x\\K1OOJBBC##i18xDjIJ\n)Re3qGGw6fPrmO).L/zyLe`jO*gV~zcXSVKWPjW^2=}`a@IGe?:>|EWqFF#=><e|Wyo*9X2o?[d@h\08+8q>~d\'D`0pfoB2q(8TB`(TSk[>\0&nr$:/Z	y	0Lvs<e%R]2r\ns\ngTXTvejkj>sZO[^3{N/J_b0ix(Din\\-qQEu0rp\\p\\}3}7#:4\0@jbP0(Xx	\r&Y%I:J>LN8\'cZ_Yk-s2ro=U]0V]vd^Q~OY<Ng}a&EmN\\m7x$]w5z?`Qc\'f2^Hg;iVfq wOa7&`T\0(Mi\0{)\0N\0gk	x\0alI\0M_C\"oY\Z3Zgq9*RG~B<P147]~`0Xil3^1p1041EC	H})4(dE\'g)afmf*\'54>s$p\"8Dnq;pG`g\n\'Qf!z8GFh)i&M??)WQ\ZTSzEQZTcZi:z=oW&rf{k,~Ni}ag`8&\"xh?YtGDFD/?d2=%C4l\\|E%g^yTFVV8[iz]\Zwx{MY?sWb#5o0T2?\rv-Vv	\\9xS\0Bh b4rGU&pv	g~,kqp(M+x#i8\'L5$sEFc+=Lr\ZyKe6cA^`e)eec-adbf1U=+/_--W@O`EPHh]%@MWZ)+P=vX=E#A3jOVvNn^9CF&S2~E+>k+#mviRNY.W\\s<r=W{uxY|5	s	H,jcWOI,: i;E`BC+ee:ul8916[SE%gVRNTS:!/t7$653|n\\tMsfm:Jr=\Z?{IM}K~/}+sU:B[=.gSu5-@/+eD6bG.\Z,v+?,	:;$m=FKwLd@.(SF#Xjk!67\Z7N1Zp-^F/|}5#!6BR\"|T:AA\'$KHK8fu(r*(RGkkW1K}V6f,Nh4W!G_^\r-	h\Z$zP:5M6vP\\\'O(97^=cZzlB2jZZ\rD\Z.7+t)^k)S]{[oo+^\'O[UTzd&x\'&?u~L|j7h?,sIv*^3^{GO:\rMk[[.[[vU?pyk\0E \"\\DY\0[VFy8k=aw1d\0*&\0^[/$U\0\0 \0IDATx\\	t]Z%Y,$`L0a	\'!cL0&&dd29I!@d=`lvcq0dYVk>{$ctrJDji+|)J%u$x<-mm	S)m^\n-yOsGEy_=RM7Drx_agIJ:Ylj\",t\'Cf\'(*o<M]8{V5sKB$!2YJB$P$\r\'c\"#\"\"\"IGd,VRhGROooN>`=yFtU3C S,xHbrEEBa8f\'\\6#N:!N|yuQ>\0ew=k3yu+,N(P9.D-We4UEegDVE\0 k%+4faqvM\"O&C@?Sjy\0tOl:!@ /l[>[dqkD.i\0Zqp2\';&~raz#my\"/=C~GCw7^`\'x@9u~dY^[H	z!<Lx Rx;nPNoz\r5pmiIBYseKit{t&T&3JA\01t{*.7wzh`<fVu_9pI\\|As;h!M?i=hu\\)PK_B!+\";~Bmm/u87oG\0V<0\r0\nx_-\ZwJ+\"pc1v{\r`XU<C$tlsDW]?pxo1g&FcMA\rHCBiZ=i;m~8a\nkF|hF__kQjG\Zo-8k*%3P\0)t$Rf\"8rf(j\"G)<L$2[4&OFn,>@!:Ak\"{^uF[o)b1k+ne%\nO+RVC^dK~5h<|1KSdcIlOe\n=\"T b$<vk:Kn|\'\ryA.=+yOE^vRrx etefCL:yAS,V^y`u#KyI`rSKMW\nT@9W1?pyB6U[>0Q<ft*S2`\Zh\0yhz,f|5Sp[yHesAVP\"\".yn8N`3B=\0qjMg?exc|Pp/_pN\013][V,Z7xvx\r;PFI:*P7|`Uh9r|d*o\nt(Uh4rUq&J2=W:20\0[~ANJ\'mHP^(gO%*:mH<0S%GIH\ZB=\0O+(&`%\0c\nN\Z\rvwmI[xAdz[du5=\"bT5F{}&s:&_A\\G,A X 76z@d6_\'e*\"w5Ia	U\ZX25:$c\ZM3KOxpkT&/82yw5opcN}*AZkN#\"X&GjXwoVI\\z&ft[mL\r]{ejWy<&JxeN2|s_G[+uq,3`~LscAXY|fxUG\0%\\^r^KpXtIyqRuoOgR,5	gq=06Gcdb,xb{@Lz+uR+\rtwSRHydpSooV7q*7rQINF\nL\r\rfko\rX`HK6XC`AxSg%mh<#6Q\0(	L-	uV#i,0WF$d+dY)}xBcdl&\0z\0s~7;\08c4<\007<cTegUL*]Ow_0Zam<\0Q)6\n>)G|Pj`<pF/S=q%BY4o.I%Yxs\nPbr ~q*KZh\08<gttBdMK%YtB[KDc_\"$\r<&3~e%\ZxI`nUyu\nb`	|(fO }:w7X/~s#2f(CbwA+@tgJ\rlgq33`3`sUxX\n,gqb{>6v7	\0f;H?6UxeCW557/{S@14.QM\n~0)9(8ter\\y<r6,}M`l\n[c.A>| u\"eg SI$o%,A vA6\"s YUrn2\0@k(WPd3|2seP\'\n6,0\0v_&vMYh8\rUvLtHE\\z2r\"mG_s2k6/yR=V8M].o--m\0Z@42OE	%-m=3<Gd!LE(DQ$2h\ng].D:S@\npJn?2;J@On?Hc-%5?}n9Zn5RR\'\\El!^0 q:R S^\0Mr-XNiBixvj\' ,Y\n,2/mT=3w9&`-U[hH&0W(PV\r@(/SBa\'%$j\\\r.+95`Ni.?a9#]\nF6]%OvD	4g.88	:)h(Bcp	Y?PTP ]{u\n \'q\ZEa!TB;Z@h\r3DB*B.U8x0Nf-%`#sxQfN-rKR&4IS*P0^f?TQ(HPNA:W\0{8@IRD$#|ap/==)S(q> ?47Bn,\0P:(&A\0&5&PN%Hh)|iBEL?w{)h4.K!CRcH{yE:$_BkW1,G&2d18hT R}hQ) M$C.h;8`Q`PaK\'bO1$CAZqv&MApf$pT-Y?ph\\-Ur\"J\rp/:0L\nJ}=G{zmJ\nGSF7 bly$\"`\n!5lkz@,%Kf3S)l#|V(q45n`u#3zNkXf&-8)uA>rrT.aZ[C7\\H~w	l)\'K.MxA&VrSP)ro@@:Xd6w10>q5,M,OddJ}r#qPczsdB]Tv!&r1 e0(!x.Lnu&\"5@25,2bh*o`>PKD#\r0\'\0w\'-t$_7a62ot+3\'`r)BY?xtDO~+Po?4]i\rXL_:}bU.X*9/-`>^P\0pq~K6HFGgl~Q$<0Vq_ba\0bvx,wtui)g4Vx9;@aA\",.uWt}\\\r*?6CK4cxasM&qU[\"fHYFUgFM%&dY_N\ZL] -8Kfo\ZM7%90IuGq*KJtO\n>d4/E\ZY&\'7,qL=mlmdZ^H#\ZYh6e(xGvwDy4Ut?l/7l9@#k$1} m13Kq A>A|=4C@JzC}M_|?T\\HxtyLc_cjZ\\n`1V\Z6#6>:8%NY,d6ebSGCB266EL;xx!\rJ0nuLi.2^kAXr&kq<tb1V7y3cQxGTS;4P)8T\0vwu7Pc4gkl}	P*xx+xO39%&Jr20^91#4[&wFvv$>sh#p{qmIT}Y:Sf`7[= >Qp.D6lNza;@t[K>?E\';\'7?vUOJ	*sB&\0B]p_5	\"F(|$h29XR>d$%M\'_yq/S@`p<3Llm_}hnl\"4<_]~T<MEh.$Z3?Pb|M*><	\06)ic_-b\0i6l`O8OG]?K?[s#+_.{wU81T	}a\0Qw\nbq=u4D\r|)\ne\0(XnNXP]M3(:>a2icb9S3*(v1dit)c6:!-	-:xaH!ZqL@Bt,$\rE\0~q)2A<%c1x<@M@i	@Dk+-H%A%fI+r+az]YJSGD3@#(c{^nO\"y(7u\"X<\Z];t{^T?&*UXw~K{n.Ri%S\0P%nm&\0\Z 4mIyl>n>s%5^Dx-Gxhj\"i	`q\ne;TE1S	Sm}6%Cei\0mm\ZclNxaUM&xp\ZiH}- nfi0m/<^St\nUV9f}\nYbXom+IsxeOBMb,u5|\09MAu8_W^E4e\rW.r5AZ[i|f0V>>W|+\0RiM5IC?DDI\rK7V]E\\mvGEvF?6Jm)wi|xKYGA42{f~\'4x\"	zh8I@8^Qxk]mm@F]c@f~t,@i<sxki>yR3\"\0c8c/(\rU13ZAAVnpYc?qNlnr][wBjG~<[gMGh2R3.,CX=UH1LAay434@V>N\ny=y)>T8qy2~k|xuxy?nd w<\0XY`hYnm{Nw:`EWa-FAFDpfA]4}\">u6O.N`vwX~.c`Pxjz_XXsJYEJ\nRxY5|p\0@+04>~~&?zAJfX=}ps`!cC\'WqdX?wE\\h{l.]xVz!W61\Z\0?{xIGn;uCai`Dx9>?7Phbtf\02Sk]8xyD0$VD3}\n$ly	 =z/,n,x*^7=S=Ke^9\0jpCcn`nEw`P\'s<q\Z[#UE1}Ij8_\'O0&z8x%Y;GzpsOh3t?2\"@l> J3..K%\niZzEh*?*	}B\0\'L43&{\'&m}v_lx6=@BZd\ZLKo(Jops##\0R*GOo#+W-D\"y\ZT:7f&ScIaQ`m4L3adF2tB2i%	\Z !/hE\"}d\"X4DyN(PP i8<=_(\Z@=?![rfM\'L/#hl4J\rdT53+^ih_ t2=iAc%\"vY7)}n\0\0\0IDATM*8u`LxF^v\0\0\0\0IENDB`','2010-06-11 20:26:18','image/png'),(4,1,'2010-06-11 20:27:10','Leanne','Leanne Northrop','2010-06-11 20:27:30','\0JFIF\0\0\0\0\0\0\0C\0		\n\r\Z\Z $.\' \",#(7),01444\'9=82<.342\0C			\r\r2!!22222222222222222222222222222222222222222222222222\0\0J\0J\"\0\0\0\0\0\0\0\0\0\0\0\0	\n\0\0\0\0}\0!1AQa\"q2#BR$3br	\n\Z%&\'()*456789:CDEFGHIJSTUVWXYZcdefghijstuvwxyz\0\0\0\0\0\0\0\0	\n\0\0\0w\0!1AQaq\"2B	#3Rbr\n$4%\Z&\'()*56789:CDEFGHIJSTUVWXYZcdefghijstuvwxyz\0\0\0?\0)})HTLd$AuwmgMu<pv\0\n|E}\Zf@y&~&vJ\ncFl?<biNbg^oey;!8=\053!hE\0}Ims\rBXd_=>Ih89IR2rNy#f]V;s\\COGe)##]Vev<G~@0PcU$L8\'x\0\n\0W1ryyL5NB^kFK{i2`&Ol~4G5\ZR]4BwQ-wai\0k#P4e\":-/N>^Y>1ER=kHEAT;X{9Pjj{k wO\\\r_|RY?|yU/~H)mM6`^bm=4/Gx+W__g>nqr|;WX@HV@;Pj]15B#,y^&EF~6PzPM{tVI?y5\".2AM\\Y3xd%qZ\0!K 8B\'>Xs&Pp8kHg7$Ncc>\0Pcf%>ac2.3!X1$\\K36w@|!p\Z\\my[q32e(<P?wp$tWX@#FqV)fvqgqFc\0Z\0sN6ws#p V=^io/L{>kt9,:}*Mvo((1i	kj{Z(z:-n:u	FOn?1kkK]!jAt]]RH!sPEmXvjw.U>\\7+ARH[Kb\nkDDI!=T`Vjr2O\0\Z,\nya/X\0E%,WN\'NU@08##i,@B2 eqT\Z9\'K$5,6nx4&a&3!:\0chQN\0r\n\05\0?~]\r\06gU&f~c?','2010-06-11 20:27:10','image/jpeg');
/*!40000 ALTER TABLE `profile` ENABLE KEYS */;
UNLOCK TABLES;

--
-- Table structure for table `publishable`
--

DROP TABLE IF EXISTS `publishable`;
SET @saved_cs_client     = @@character_set_client;
SET character_set_client = utf8;
CREATE TABLE `publishable` (
  `id` bigint(20) NOT NULL auto_increment,
  `version` bigint(20) NOT NULL,
  `display_date` tinyint(1) default NULL,
  `home` tinyint(1) NOT NULL,
  `date_published` datetime default NULL,
  `display_author` tinyint(1) default NULL,
  `last_updated` datetime default NULL,
  `featured` tinyint(1) NOT NULL,
  `deleted` tinyint(1) NOT NULL,
  `author_id` bigint(20) default NULL,
  `category` varchar(1) NOT NULL,
  `publish_state` varchar(21) NOT NULL,
  `date_created` datetime default NULL,
  PRIMARY KEY  (`id`),
  KEY `FKDB6312E991252A7E` (`author_id`)
) ENGINE=MyISAM AUTO_INCREMENT=58 DEFAULT CHARSET=utf8;
SET character_set_client = @saved_cs_client;

--
-- Dumping data for table `publishable`
--

LOCK TABLES `publishable` WRITE;
/*!40000 ALTER TABLE `publishable` DISABLE KEYS */;
INSERT INTO `publishable` VALUES (1,1,0,0,NULL,0,'2010-02-18 15:15:19',0,0,2,'V','Unpublished','2010-01-15 15:46:55'),(2,1,0,0,NULL,0,'2010-02-18 15:15:19',0,0,2,'V','Unpublished','2010-01-15 15:46:55'),(3,3,1,1,'2010-03-07 06:23:16',1,'2010-03-07 09:25:10',0,1,5,'N','Unpublished','2010-03-07 06:21:34'),(4,3,1,0,'2010-03-07 07:00:12',0,'2010-03-07 09:24:55',0,1,5,'N','Unpublished','2010-03-07 06:59:38'),(5,2,0,0,'2010-03-07 07:05:18',0,'2010-03-07 09:07:55',0,1,5,'T','Unpublished','2010-03-07 07:05:04'),(6,17,0,1,'2010-05-16 11:08:58',0,'2010-05-16 11:08:59',0,0,4,'M','Published','2010-03-07 07:05:57'),(8,21,0,1,'2010-05-16 12:06:41',0,'2010-05-16 12:06:41',0,0,4,'B','Published','2010-03-07 07:07:41'),(9,1,0,0,'2010-03-07 07:22:43',0,'2010-03-07 07:22:43',0,0,4,'T','Published','2010-03-07 07:22:39'),(10,1,0,0,'2010-03-07 07:24:44',0,'2010-03-07 07:24:44',0,0,4,'T','Published','2010-03-07 07:24:41'),(11,1,0,0,'2010-03-07 07:26:34',0,'2010-03-07 07:26:34',0,0,4,'T','Published','2010-03-07 07:26:30'),(12,1,0,0,'2010-03-07 07:27:41',0,'2010-03-07 07:27:41',0,0,4,'T','Published','2010-03-07 07:27:38'),(13,1,0,0,'2010-03-07 07:29:08',0,'2010-03-07 07:29:08',0,0,4,'T','Published','2010-03-07 07:29:04'),(14,1,0,0,'2010-03-07 07:31:46',0,'2010-03-07 07:31:46',0,0,4,'T','Published','2010-03-07 07:31:41'),(15,6,0,0,'2010-03-08 16:50:41',0,'2010-03-08 16:50:41',0,0,4,'T','Published','2010-03-07 07:32:24'),(16,1,0,0,'2010-03-07 07:33:01',0,'2010-03-07 07:33:01',0,0,4,'T','Published','2010-03-07 07:32:52'),(20,1,1,0,'2010-03-07 08:19:12',0,'2010-03-07 08:19:13',0,0,4,'M','Published','2010-03-07 08:18:43'),(19,1,1,0,'2010-03-07 08:16:21',0,'2010-03-07 08:16:22',0,0,4,'W','Published','2010-03-07 08:15:58'),(21,1,0,0,'2010-03-07 08:20:18',0,'2010-03-07 08:20:18',0,0,4,'T','Published','2010-03-07 08:20:15'),(22,1,1,0,'2010-03-07 08:21:55',0,'2010-03-07 08:21:56',0,0,4,'W','Published','2010-03-07 08:21:32'),(23,1,1,0,'2010-03-07 08:25:17',0,'2010-03-07 08:25:17',0,0,4,'M','Published','2010-03-07 08:24:51'),(24,1,1,0,'2010-03-07 08:27:27',0,'2010-03-07 08:27:27',0,0,4,'W','Published','2010-03-07 08:27:08'),(25,1,1,0,'2010-03-07 08:30:01',0,'2010-03-07 08:30:01',0,0,4,'B','Published','2010-03-07 08:29:39'),(26,1,1,0,'2010-03-07 08:33:51',0,'2010-03-07 08:33:52',0,0,4,'B','Published','2010-03-07 08:32:54'),(27,1,1,0,'2010-03-07 08:39:07',0,'2010-03-07 08:39:07',0,0,4,'C','Published','2010-03-07 08:38:54'),(28,6,0,1,'2010-05-16 11:08:24',0,'2010-05-16 11:08:24',0,0,4,'C','Published','2010-03-07 08:41:25'),(29,9,0,0,'2010-05-16 11:08:43',0,'2010-05-16 12:12:08',1,0,4,'W','Published','2010-03-07 08:42:47'),(30,2,1,1,'2010-03-07 08:45:36',0,'2010-03-07 08:45:36',1,0,4,'N','Published','2010-03-07 08:45:10'),(31,19,0,0,'2010-05-08 13:27:55',0,'2010-05-08 13:27:56',1,0,8,'M','Published','2010-03-21 07:41:04'),(32,7,0,0,'2010-06-13 18:08:55',0,'2010-06-13 18:08:56',1,0,8,'C','Published','2010-03-21 07:48:28'),(33,4,1,0,'2010-03-28 07:18:40',0,'2010-03-28 07:23:42',0,1,7,'B','Unpublished','2010-03-28 07:06:56'),(34,3,0,0,'2010-03-28 07:17:18',0,'2010-06-13 18:06:32',1,1,7,'M','Unpublished','2010-03-28 07:16:26'),(35,4,0,0,'2010-03-28 07:32:39',1,'2010-03-28 07:32:39',1,0,7,'B','Published','2010-03-28 07:28:54'),(36,3,0,0,'2010-03-28 07:37:26',0,'2010-05-16 12:12:53',1,0,8,'C','Published','2010-03-28 07:36:43'),(37,1,0,0,'2010-03-28 08:40:01',0,'2010-03-28 08:40:01',0,0,10,'T','Published','2010-03-28 08:39:53'),(38,6,1,0,'2010-03-28 10:03:46',0,'2010-03-28 10:03:46',0,0,10,'M','Published','2010-03-28 08:41:13'),(39,4,1,0,'2010-05-16 09:24:24',0,'2010-05-16 09:42:38',0,1,10,'M','Unpublished','2010-03-28 09:36:53'),(40,1,1,0,'2010-03-28 09:38:32',0,'2010-03-28 09:38:32',0,0,10,'M','Published','2010-03-28 09:37:35'),(41,1,0,0,NULL,0,'2010-06-13 18:06:37',0,1,4,'B','Unpublished','2010-05-08 13:30:02'),(42,3,1,0,'2010-05-16 09:25:12',0,'2010-05-16 09:25:13',0,0,8,'C','Published','2010-05-16 09:14:38'),(43,2,1,0,'2010-05-16 09:41:18',0,'2010-05-16 09:41:18',0,0,8,'M','Published','2010-05-16 09:30:36'),(44,1,0,0,'2010-05-16 09:31:37',0,'2010-05-16 09:31:37',0,0,8,'T','Published','2010-05-16 09:31:30'),(45,2,1,0,'2010-05-16 09:41:51',0,'2010-05-16 09:41:52',0,0,8,'C','Published','2010-05-16 09:36:33'),(46,2,1,0,'2010-05-16 09:40:25',0,'2010-05-16 09:40:26',0,0,8,'B','Published','2010-05-16 09:38:12'),(47,4,1,0,'2010-05-16 10:00:56',0,'2010-05-16 10:00:56',0,0,8,'B','Published','2010-05-16 09:53:05'),(48,1,0,0,'2010-05-16 09:54:54',0,'2010-05-16 09:54:54',0,0,8,'T','Published','2010-05-16 09:54:49'),(49,2,1,0,'2010-05-16 10:05:40',0,'2010-05-16 10:05:41',0,0,8,'C','Published','2010-05-16 10:04:58'),(50,1,1,0,'2010-05-16 10:08:35',0,'2010-05-16 10:08:36',0,0,8,'B','Published','2010-05-16 10:07:59'),(51,2,1,0,'2010-05-16 10:15:01',0,'2010-05-16 10:15:01',0,0,8,'M','Published','2010-05-16 10:10:49'),(52,5,1,0,'2010-05-16 11:41:13',0,'2010-05-16 11:41:13',0,0,8,'M','Published','2010-05-16 10:17:18'),(53,3,0,0,'2010-05-16 10:28:29',0,'2010-05-16 12:11:46',1,0,8,'W','Published','2010-05-16 10:20:51'),(54,1,0,0,'2010-05-16 10:27:40',0,'2010-05-16 10:27:40',0,0,8,'T','Published','2010-05-16 10:27:36'),(57,9,0,0,'2010-06-13 18:05:42',0,'2010-06-13 18:05:43',1,0,4,'C','Published','2010-06-13 18:01:26'),(55,7,0,1,'2010-06-09 11:07:36',0,'2010-06-09 11:07:36',0,0,8,'W','Published','2010-05-16 10:57:45'),(56,2,0,0,'2010-06-13 17:56:19',0,'2010-06-13 17:56:19',1,0,4,'C','Published','2010-06-13 17:55:54');
/*!40000 ALTER TABLE `publishable` ENABLE KEYS */;
UNLOCK TABLES;

--
-- Table structure for table `room`
--

DROP TABLE IF EXISTS `room`;
SET @saved_cs_client     = @@character_set_client;
SET character_set_client = utf8;
CREATE TABLE `room` (
  `id` bigint(20) NOT NULL,
  `image_id` bigint(20) default NULL,
  `description` varchar(255) default NULL,
  `name` varchar(255) default NULL,
  PRIMARY KEY  (`id`),
  KEY `FK3580DBB776D63` (`image_id`)
) ENGINE=MyISAM DEFAULT CHARSET=utf8;
SET character_set_client = @saved_cs_client;

--
-- Dumping data for table `room`
--

LOCK TABLES `room` WRITE;
/*!40000 ALTER TABLE `room` DISABLE KEYS */;
/*!40000 ALTER TABLE `room` ENABLE KEYS */;
UNLOCK TABLES;

--
-- Table structure for table `schedule_rule`
--

DROP TABLE IF EXISTS `schedule_rule`;
SET @saved_cs_client     = @@character_set_client;
SET character_set_client = utf8;
CREATE TABLE `schedule_rule` (
  `ID` bigint(20) NOT NULL auto_increment,
  `version` bigint(20) NOT NULL,
  `start_date` datetime NOT NULL,
  `interval` int(11) default NULL,
  `end_date` datetime NOT NULL,
  `end_time` time NOT NULL,
  `modifier` varchar(255) default NULL,
  `start_time` time NOT NULL,
  `rule_type` varchar(255) default NULL,
  `duration` varchar(255) default NULL,
  `modifier_type` varchar(2) default NULL,
  `is_rule` tinyint(1) NOT NULL,
  `class` varchar(255) NOT NULL,
  `event_id` bigint(20) default NULL,
  `dates_idx` int(11) default NULL,
  `the_interval` int(11) default NULL,
  PRIMARY KEY  (`ID`),
  KEY `FK6400C3A4EF265472` (`event_id`)
) ENGINE=MyISAM AUTO_INCREMENT=23 DEFAULT CHARSET=utf8;
SET character_set_client = @saved_cs_client;

--
-- Dumping data for table `schedule_rule`
--

LOCK TABLES `schedule_rule` WRITE;
/*!40000 ALTER TABLE `schedule_rule` DISABLE KEYS */;
INSERT INTO `schedule_rule` VALUES (2,0,'2010-03-07 00:00:00',NULL,'2010-03-07 00:00:00','18:45:00','WE','17:45:00','always','PT1H','W',1,'org.samye.dzong.london.events.EventDate',19,0,1),(3,0,'2010-03-07 00:00:00',NULL,'2010-03-07 00:00:00','20:00:00','FR WE','19:00:00','always','PT1H','W',1,'org.samye.dzong.london.events.EventDate',20,0,1),(4,0,'2010-03-07 00:00:00',NULL,'2010-03-07 00:00:00','21:00:00','WE','19:00:00','always','PT2H','W',1,'org.samye.dzong.london.events.EventDate',22,0,1),(5,0,'2010-03-07 00:00:00',NULL,'2010-03-07 00:00:00','20:30:00','TH','19:00:00','always','PT1H30M','W',1,'org.samye.dzong.london.events.EventDate',23,0,1),(6,0,'2010-03-07 00:00:00',NULL,'2010-03-07 00:00:00','20:30:00','FR TH','19:00:00','always','PT1H30M','W',1,'org.samye.dzong.london.events.EventDate',24,0,1),(7,0,'2010-03-07 00:00:00',NULL,'2010-03-07 00:00:00','20:00:00','1- SU','19:00:00','always','PT1H','MD',1,'org.samye.dzong.london.events.EventDate',25,0,1),(8,0,'2010-05-08 00:00:00',NULL,'2010-05-08 00:00:00','16:00:00',NULL,'10:00:00',NULL,'PT6H',NULL,0,'org.samye.dzong.london.events.EventDate',26,0,NULL),(9,0,'2010-03-10 00:00:00',NULL,'2010-04-14 00:00:00','20:30:00','WE','19:00:00','period','PT1H30M','W',1,'org.samye.dzong.london.events.EventDate',27,0,1),(10,0,'2010-05-08 00:00:00',NULL,'2010-05-08 00:00:00','16:00:00',NULL,'09:00:00',NULL,'PT7H',NULL,0,'org.samye.dzong.london.events.EventDate',33,0,NULL),(11,1,'2010-04-21 00:00:00',NULL,'2010-04-22 00:00:00','16:00:00',NULL,'10:00:00','period','PT6H','D',1,'org.samye.dzong.london.events.EventDate',38,0,1),(12,0,'2010-05-23 00:00:00',NULL,'2010-05-23 00:00:00','16:00:00',NULL,'10:00:00',NULL,'PT6H',NULL,0,'org.samye.dzong.london.events.EventDate',39,0,NULL),(13,0,'2010-05-23 00:00:00',NULL,'2010-05-23 00:00:00','16:00:00',NULL,'10:00:00',NULL,'PT6H',NULL,0,'org.samye.dzong.london.events.EventDate',40,0,NULL),(14,0,'2010-06-05 00:00:00',NULL,'2010-06-05 00:00:00','16:00:00',NULL,'09:30:00',NULL,'PT6H30M',NULL,0,'org.samye.dzong.london.events.EventDate',42,0,NULL),(15,0,'2010-07-03 00:00:00',NULL,'2010-07-04 00:00:00','16:00:00',NULL,'10:00:00','period','PT6H','D',1,'org.samye.dzong.london.events.EventDate',43,0,1),(16,0,'2010-07-10 00:00:00',NULL,'2010-07-10 00:00:00','16:00:00',NULL,'09:30:00',NULL,'PT6H30M',NULL,0,'org.samye.dzong.london.events.EventDate',45,0,NULL),(17,0,'2010-07-11 00:00:00',NULL,'2010-07-11 00:00:00','16:00:00',NULL,'10:00:00',NULL,'PT6H',NULL,0,'org.samye.dzong.london.events.EventDate',46,0,NULL),(18,0,'2010-07-17 00:00:00',NULL,'2010-07-22 00:00:00','17:00:00',NULL,'10:00:00','period','PT7H','D',1,'org.samye.dzong.london.events.EventDate',47,0,1),(19,0,'2010-08-22 00:00:00',NULL,'2010-08-22 00:00:00','16:00:00',NULL,'09:30:00',NULL,'PT6H30M',NULL,0,'org.samye.dzong.london.events.EventDate',49,0,NULL),(20,0,'2010-08-28 00:00:00',NULL,'2010-08-29 00:00:00','16:00:00',NULL,'10:00:00','period','PT6H','D',1,'org.samye.dzong.london.events.EventDate',50,0,1),(21,0,'2010-09-08 00:00:00',NULL,'2010-09-09 00:00:00','20:30:00',NULL,'19:00:00','period','PT1H30M','D',1,'org.samye.dzong.london.events.EventDate',51,0,1),(22,1,'2010-09-11 00:00:00',NULL,'2010-09-11 00:00:00','20:30:00',NULL,'10:00:00','period','PT10H30M','D',0,'org.samye.dzong.london.events.EventDate',52,0,1);
/*!40000 ALTER TABLE `schedule_rule` ENABLE KEYS */;
UNLOCK TABLES;

--
-- Table structure for table `setting`
--

DROP TABLE IF EXISTS `setting`;
SET @saved_cs_client     = @@character_set_client;
SET character_set_client = utf8;
CREATE TABLE `setting` (
  `id` bigint(20) NOT NULL auto_increment,
  `version` bigint(20) NOT NULL,
  `name` varchar(12) NOT NULL,
  `value` varchar(255) NOT NULL,
  PRIMARY KEY  (`id`),
  UNIQUE KEY `name` (`name`)
) ENGINE=MyISAM AUTO_INCREMENT=5 DEFAULT CHARSET=utf8;
SET character_set_client = @saved_cs_client;

--
-- Dumping data for table `setting`
--

LOCK TABLES `setting` WRITE;
/*!40000 ALTER TABLE `setting` DISABLE KEYS */;
INSERT INTO `setting` VALUES (1,2,'DefaultTheme','Simple'),(2,0,'FlickrUserId','66103625@N00'),(3,0,'SSBuddhism','72157613222148408'),(4,0,'SSMeditation','72157604441020901');
/*!40000 ALTER TABLE `setting` ENABLE KEYS */;
UNLOCK TABLES;

--
-- Table structure for table `shiro_role`
--

DROP TABLE IF EXISTS `shiro_role`;
SET @saved_cs_client     = @@character_set_client;
SET character_set_client = utf8;
CREATE TABLE `shiro_role` (
  `id` bigint(20) NOT NULL auto_increment,
  `version` bigint(20) NOT NULL,
  `name` varchar(255) NOT NULL,
  PRIMARY KEY  (`id`),
  UNIQUE KEY `name` (`name`)
) ENGINE=MyISAM AUTO_INCREMENT=7 DEFAULT CHARSET=utf8;
SET character_set_client = @saved_cs_client;

--
-- Dumping data for table `shiro_role`
--

LOCK TABLES `shiro_role` WRITE;
/*!40000 ALTER TABLE `shiro_role` DISABLE KEYS */;
INSERT INTO `shiro_role` VALUES (1,1,'Admin'),(2,5,'Administrator'),(3,8,'Editor'),(4,8,'Author'),(5,8,'EventOrganiser'),(6,3,'VenueManager');
/*!40000 ALTER TABLE `shiro_role` ENABLE KEYS */;
UNLOCK TABLES;

--
-- Table structure for table `shiro_role_permissions`
--

DROP TABLE IF EXISTS `shiro_role_permissions`;
SET @saved_cs_client     = @@character_set_client;
SET character_set_client = utf8;
CREATE TABLE `shiro_role_permissions` (
  `shiro_role_id` bigint(20) default NULL,
  `permissions_string` varchar(255) default NULL,
  KEY `FK389B46C981060810` (`shiro_role_id`)
) ENGINE=MyISAM DEFAULT CHARSET=utf8;
SET character_set_client = @saved_cs_client;

--
-- Dumping data for table `shiro_role_permissions`
--

LOCK TABLES `shiro_role_permissions` WRITE;
/*!40000 ALTER TABLE `shiro_role_permissions` DISABLE KEYS */;
INSERT INTO `shiro_role_permissions` VALUES (1,'*:*'),(2,'admin:*'),(2,'manageSite:*'),(2,'auth:*'),(3,'manageSite:home'),(3,'article:*'),(3,'teacher:*'),(4,'image:*'),(4,'article:*'),(4,'manageSite:home'),(4,'teacher:*'),(5,'manageSite:home'),(5,'event:*'),(6,'manageSite:home'),(6,'room:*'),(6,'venue:*'),(3,'event:*'),(3,'manageSite:error'),(3,'manageSite:info'),(3,'manageSite:textile'),(3,'manageSite:preview'),(4,'manageSite:error'),(4,'manageSite:info'),(4,'manageSite:textile'),(4,'manageSite:preview'),(5,'manageSite:error'),(5,'manageSite:info'),(5,'manageSite:textile'),(5,'manageSite:preview'),(6,'manageSite:error'),(6,'manageSite:info'),(6,'manageSite:preview'),(2,'fileUploader:*'),(2,'theme:*'),(1,'profile:*'),(2,'profile:*'),(3,'profile:*'),(4,'profile:*'),(5,'profile:*'),(6,'profile:*'),(3,'slideshow:*');
/*!40000 ALTER TABLE `shiro_role_permissions` ENABLE KEYS */;
UNLOCK TABLES;

--
-- Table structure for table `shiro_user`
--

DROP TABLE IF EXISTS `shiro_user`;
SET @saved_cs_client     = @@character_set_client;
SET character_set_client = utf8;
CREATE TABLE `shiro_user` (
  `id` bigint(20) NOT NULL auto_increment,
  `version` bigint(20) NOT NULL,
  `username` varchar(255) NOT NULL,
  `password_hash` varchar(255) NOT NULL,
  `password_reset` varchar(255) default NULL,
  `profile_id` bigint(20) default NULL,
  PRIMARY KEY  (`id`),
  UNIQUE KEY `username` (`username`),
  KEY `FKE58845594AB89DE8` (`profile_id`)
) ENGINE=MyISAM AUTO_INCREMENT=12 DEFAULT CHARSET=utf8;
SET character_set_client = @saved_cs_client;

--
-- Dumping data for table `shiro_user`
--

LOCK TABLES `shiro_user` WRITE;
/*!40000 ALTER TABLE `shiro_user` DISABLE KEYS */;
INSERT INTO `shiro_user` VALUES (1,1,'leanne.northrop@googlemail.com','f86c09c1159dc2082ee27f7aef08f1ed6a5be03d',NULL,4),(2,1,'site@londonsamyedzong.org','f86c09c1159dc2082ee27f7aef08f1ed6a5be03d',NULL,2),(4,4,'dawn.flowerdew@googlemail.com','f86c09c1159dc2082ee27f7aef08f1ed6a5be03d',NULL,1),(5,5,'andy@hicks.net','568b156009ca4316b0d656da88f0e1c2aceb2185',NULL,NULL),(6,1,'whatsvictoria@yahoo.co.uk','b57374344f0f01e0d23536a73a677e218cb33f3a','7605ea0213febd9269304494b9aa0ca6203c0999',NULL),(7,3,'neil.thurman@gmail.com','d62965423c8144d10e4905f1117f13cb60d3c012',NULL,NULL),(8,3,'bernardmordan@yahoo.co.uk','7e6b42024b6a3177247dddaeb2434e76a7185177',NULL,NULL),(9,0,'james.b.northrop@googlemail.com','5baa61e4c9b93f3f0682250b6cf8331b7ee68fd8','f6ff246c1b1468c95b62276c13f1d83cc576047d',NULL),(10,1,'collinss2uk@yahoo.com','04085299925ee8677d7ed45007391448fa7549f3','744236e7eb402caa7301280022f26f7565037436',NULL),(11,2,'lavender.flowerdew@googlemail.com','f86c09c1159dc2082ee27f7aef08f1ed6a5be03d',NULL,3);
/*!40000 ALTER TABLE `shiro_user` ENABLE KEYS */;
UNLOCK TABLES;

--
-- Table structure for table `shiro_user_permissions`
--

DROP TABLE IF EXISTS `shiro_user_permissions`;
SET @saved_cs_client     = @@character_set_client;
SET character_set_client = utf8;
CREATE TABLE `shiro_user_permissions` (
  `shiro_user_id` bigint(20) default NULL,
  `permissions_string` varchar(255) default NULL,
  KEY `FK34555A9E2630CBF0` (`shiro_user_id`)
) ENGINE=MyISAM DEFAULT CHARSET=utf8;
SET character_set_client = @saved_cs_client;

--
-- Dumping data for table `shiro_user_permissions`
--

LOCK TABLES `shiro_user_permissions` WRITE;
/*!40000 ALTER TABLE `shiro_user_permissions` DISABLE KEYS */;
/*!40000 ALTER TABLE `shiro_user_permissions` ENABLE KEYS */;
UNLOCK TABLES;

--
-- Table structure for table `shiro_user_roles`
--

DROP TABLE IF EXISTS `shiro_user_roles`;
SET @saved_cs_client     = @@character_set_client;
SET character_set_client = utf8;
CREATE TABLE `shiro_user_roles` (
  `shiro_user_id` bigint(20) NOT NULL,
  `shiro_role_id` bigint(20) NOT NULL,
  PRIMARY KEY  (`shiro_user_id`,`shiro_role_id`),
  KEY `FKBA22105781060810` (`shiro_role_id`),
  KEY `FKBA2210572630CBF0` (`shiro_user_id`)
) ENGINE=MyISAM DEFAULT CHARSET=utf8;
SET character_set_client = @saved_cs_client;

--
-- Dumping data for table `shiro_user_roles`
--

LOCK TABLES `shiro_user_roles` WRITE;
/*!40000 ALTER TABLE `shiro_user_roles` DISABLE KEYS */;
INSERT INTO `shiro_user_roles` VALUES (1,1),(2,2),(4,3),(4,4),(4,5),(6,3),(6,4),(6,5),(6,6),(7,2),(7,3),(7,4),(7,5),(7,6),(8,2),(8,3),(8,4),(8,5),(8,6),(10,2),(10,3),(10,4),(10,5),(10,6);
/*!40000 ALTER TABLE `shiro_user_roles` ENABLE KEYS */;
UNLOCK TABLES;

--
-- Table structure for table `tag_links`
--

DROP TABLE IF EXISTS `tag_links`;
SET @saved_cs_client     = @@character_set_client;
SET character_set_client = utf8;
CREATE TABLE `tag_links` (
  `id` bigint(20) NOT NULL auto_increment,
  `version` bigint(20) NOT NULL,
  `tag_ref` bigint(20) NOT NULL,
  `tag_id` bigint(20) NOT NULL,
  `type` varchar(255) NOT NULL,
  PRIMARY KEY  (`id`),
  KEY `FK7C35D6D45A3B441D` (`tag_id`)
) ENGINE=MyISAM AUTO_INCREMENT=169 DEFAULT CHARSET=utf8;
SET character_set_client = @saved_cs_client;

--
-- Dumping data for table `tag_links`
--

LOCK TABLES `tag_links` WRITE;
/*!40000 ALTER TABLE `tag_links` DISABLE KEYS */;
INSERT INTO `tag_links` VALUES (1,0,3,1,'image'),(2,0,4,1,'image'),(3,0,4,2,'image'),(4,0,6,1,'image'),(5,0,6,2,'image'),(6,0,6,3,'image'),(7,0,5,2,'image'),(8,0,5,3,'image'),(9,0,5,1,'image'),(10,0,7,1,'image'),(11,0,7,2,'image'),(12,0,7,3,'image'),(13,0,8,1,'image'),(14,0,8,2,'image'),(15,0,9,1,'image'),(16,0,9,2,'image'),(17,0,10,1,'image'),(18,0,10,2,'image'),(19,0,10,3,'image'),(20,0,11,1,'image'),(21,0,12,1,'image'),(22,0,12,2,'image'),(23,0,12,3,'image'),(24,0,13,1,'image'),(25,0,13,2,'image'),(26,0,13,4,'image'),(27,0,13,3,'image'),(28,0,3,5,'article'),(29,0,3,6,'article'),(30,0,14,1,'image'),(31,0,15,1,'image'),(32,0,16,1,'image'),(33,0,16,3,'image'),(34,0,17,3,'image'),(35,0,17,1,'image'),(36,0,18,1,'image'),(37,0,18,2,'image'),(38,0,18,3,'image'),(39,0,19,3,'image'),(40,0,19,1,'image'),(41,0,19,2,'image'),(42,0,20,3,'image'),(43,0,20,7,'image'),(44,0,20,2,'image'),(45,0,20,1,'image'),(46,0,21,3,'image'),(47,0,21,2,'image'),(48,0,21,1,'image'),(49,0,22,3,'image'),(50,0,22,1,'image'),(51,0,22,2,'image'),(52,0,23,3,'image'),(53,0,23,1,'image'),(54,0,24,1,'image'),(55,0,24,4,'image'),(56,0,25,2,'image'),(57,0,26,1,'image'),(58,0,26,4,'image'),(59,0,26,2,'image'),(60,0,4,8,'article'),(61,0,27,1,'image'),(62,0,27,2,'image'),(63,0,27,3,'image'),(64,0,28,1,'image'),(65,0,8,9,'article'),(66,0,8,10,'article'),(67,0,8,11,'article'),(68,0,8,12,'article'),(69,0,6,13,'article'),(70,0,19,14,'event'),(71,0,20,15,'event'),(72,0,20,16,'event'),(73,0,22,17,'event'),(74,0,22,18,'event'),(75,0,15,2,'image'),(76,0,23,16,'event'),(77,0,23,19,'event'),(78,0,24,14,'event'),(79,0,24,19,'event'),(80,0,24,18,'event'),(81,0,25,20,'event'),(82,0,26,19,'event'),(83,0,27,21,'event'),(84,0,27,19,'event'),(85,0,28,22,'article'),(86,0,28,23,'article'),(87,0,29,18,'article'),(88,0,29,23,'article'),(89,0,30,24,'article'),(90,0,30,25,'article'),(91,0,29,1,'image'),(92,0,29,2,'image'),(93,0,29,3,'image'),(94,0,30,1,'image'),(95,0,31,1,'image'),(96,0,31,18,'article'),(97,0,31,26,'article'),(98,0,31,27,'article'),(99,0,31,25,'article'),(100,0,34,28,'article'),(101,0,33,28,'event'),(102,0,35,29,'article'),(103,0,35,30,'article'),(104,0,35,31,'article'),(105,0,36,24,'article'),(106,0,36,32,'article'),(145,0,51,16,'event'),(144,0,32,2,'image'),(109,0,38,35,'event'),(110,0,38,36,'event'),(111,0,38,37,'event'),(112,0,38,38,'event'),(113,0,40,39,'event'),(114,0,33,24,'image'),(115,0,33,40,'image'),(116,0,34,1,'image'),(117,0,35,1,'image'),(118,0,42,25,'event'),(119,0,42,41,'event'),(120,0,39,39,'event'),(121,0,39,42,'event'),(122,0,46,43,'event'),(123,0,43,44,'event'),(124,0,45,25,'event'),(140,0,50,47,'event'),(139,0,49,22,'event'),(132,0,36,1,'image'),(135,0,36,2,'image'),(134,0,36,3,'image'),(138,0,49,25,'event'),(137,0,47,3,'event'),(136,0,47,47,'event'),(141,0,50,52,'event'),(142,0,32,1,'image'),(143,0,32,3,'image'),(146,0,52,16,'event'),(147,0,52,33,'event'),(148,0,52,34,'event'),(149,0,37,3,'image'),(150,0,37,1,'image'),(151,0,37,2,'image'),(152,0,38,1,'image'),(153,0,38,3,'image'),(154,0,38,2,'image'),(155,0,53,53,'article'),(156,0,39,1,'image'),(157,0,39,2,'image'),(158,0,55,53,'article'),(159,0,40,1,'image'),(160,0,25,1,'image'),(161,0,41,1,'image'),(162,0,56,25,'article'),(163,0,42,1,'image'),(164,0,42,2,'image'),(165,0,43,1,'image'),(166,0,43,2,'image'),(167,0,57,25,'article'),(168,0,32,24,'article');
/*!40000 ALTER TABLE `tag_links` ENABLE KEYS */;
UNLOCK TABLES;

--
-- Table structure for table `tags`
--

DROP TABLE IF EXISTS `tags`;
SET @saved_cs_client     = @@character_set_client;
SET character_set_client = utf8;
CREATE TABLE `tags` (
  `id` bigint(20) NOT NULL auto_increment,
  `version` bigint(20) NOT NULL,
  `name` varchar(255) NOT NULL,
  PRIMARY KEY  (`id`),
  UNIQUE KEY `name` (`name`)
) ENGINE=MyISAM AUTO_INCREMENT=54 DEFAULT CHARSET=utf8;
SET character_set_client = @saved_cs_client;

--
-- Dumping data for table `tags`
--

LOCK TABLES `tags` WRITE;
/*!40000 ALTER TABLE `tags` DISABLE KEYS */;
INSERT INTO `tags` VALUES (1,0,'article'),(2,0,'event'),(3,0,'teacher'),(4,0,'venue'),(5,0,'film'),(6,0,' avatar'),(7,0,'lineage'),(8,0,'browsers'),(9,0,'buddha'),(10,0,' story of buddha'),(11,0,' what is buddhism'),(12,0,' kagyu'),(13,0,'meditation classes'),(14,0,'yoga'),(15,0,'shinay'),(16,0,'meditation'),(17,0,'martial arts'),(18,0,'wellbeing'),(19,0,'class'),(20,0,'puja'),(21,0,'tibetan'),(22,0,'community'),(23,0,'educational'),(24,0,'spa road'),(25,0,'volunteer'),(26,0,' educational'),(27,0,' brain'),(28,0,'test'),(29,0,'lama thubten'),(30,0,' buddha statue'),(31,0,' tibetan art '),(32,0,' volunteer'),(33,0,'clive'),(34,0,'holmes'),(35,0,'clive homes'),(36,0,' stress'),(37,0,' compassion'),(38,0,' meditation'),(39,0,'green tara'),(40,0,'bermondsey'),(41,0,' spa road'),(42,0,' practice day'),(43,0,'tara'),(44,0,'kum nye'),(45,0,'drupon'),(46,0,'rinpoche'),(47,0,'buddhism'),(48,0,'artical'),(49,0,'teachers'),(50,0,'events'),(51,0,'images'),(52,0,'zangmo'),(53,0,'well being');
/*!40000 ALTER TABLE `tags` ENABLE KEYS */;
UNLOCK TABLES;

--
-- Table structure for table `teacher`
--

DROP TABLE IF EXISTS `teacher`;
SET @saved_cs_client     = @@character_set_client;
SET character_set_client = utf8;
CREATE TABLE `teacher` (
  `id` bigint(20) NOT NULL,
  `summary` longtext,
  `image_id` bigint(20) default NULL,
  `type` varchar(1) default NULL,
  `content` longtext,
  `title` varchar(3) default NULL,
  `name` varchar(255) default NULL,
  PRIMARY KEY  (`id`),
  UNIQUE KEY `name` (`name`),
  KEY `FKAA31CBE2B776D63` (`image_id`)
) ENGINE=MyISAM DEFAULT CHARSET=utf8;
SET character_set_client = @saved_cs_client;

--
-- Dumping data for table `teacher`
--

LOCK TABLES `teacher` WRITE;
/*!40000 ALTER TABLE `teacher` DISABLE KEYS */;
INSERT INTO `teacher` VALUES (5,'Richard Dallaway: Lift is an open source framework for writing web applications in Scala. London Scala User Group member Richard Dallaway will talk about his experiences using the Lift framework, with the aim of giving you an idea of what the Lift framework is about, and how you can get started with it.',NULL,'V','Richard Dallaway: Lift is an open source framework for writing web applications in Scala. London Scala User Group member Richard Dallaway will talk about his experiences using the Lift framework, with the aim of giving you an idea of what the Lift framework is about, and how you can get started with it.','M','Richard Dallaway'),(9,'Lama Gelongma Zangmo first became a practising Buddhist when she arrived at Kagyu Samye Ling in 1977 and took refuge with his Holiness the 16th Karmapa. Lama Zangmo\'s strong connection with Kagyu lineage and in particular with Choje Akong Tulku Rinpoche and Lama Yeshe Losal has inspired her to work tirelessly and joyfully in service to the Dharma and helping others. In recognition of her long experience, selfless qualities and commitment, she became the first person in the UK to be honoured with the title of Lama by our organisation at a heart warming ceremony in Kagyu Samye Dzong London in June 2001.',18,'C','Lama Gelongma Zangmo first became a practising Buddhist when she arrived at Kagyu Samye Ling in 1977 and took refuge with his Holiness the 16th Karmapa. Having received teachings from many highly respected lamas who visited Kagyu Samye Ling, she was inspired to enter the four-year closed retreat in 1984, during which time she became ordained as a Buddhist nun.\r\n\r\nWhen the next long retreat started in 1989 Lama Zangmo wished to further her retreat experience and she was also asked to help and advise the new retreatants. Having completed that retreat in 1993, Lama Zangmo then entered a third long retreat and became the resident retreat teacher to the other women retreatants. That retreat ended in 1997, bringing the total number of years Lama Zangmo spent in retreat to eleven and a half.\r\n\r\nChoje Akong Tulku Rinpoche and Lama Yeshe Losal then asked Lama Zangmo to put her experience to good use by helping to run the Kagyu Samye Dzong Centre in London, which was officially opened in 1998. Since then the London Centre has flourished under Lama Zangmo\'s guidance and established itself as a much needed Dharma Centre in the capital city, providing a full and varied programme of teachings and events throughout the year.\r\n\r\nIn 1998 Lama Zangmo was one of a group of nuns who accompanied Lama Yeshe Losal to India, where she became fully ordained as a Gelongma (Bhikkuni) at a historic ceremony in Bodhgaya. This will in turn enable others to take full Gelongma ordination with the Tibetan Buddhist tradition in the future.\r\n\r\nLama Zangmo\'s strong connection with Kagyu lineage and in particular with Choje Akong Tulku Rinpoche and Lama Yeshe Losal has inspired her to work tirelessly and joyfully in service to the Dharma and helping others. In recognition of her long experience, selfless qualities and commitment, she became the first person in the UK to be honoured with the title of Lama by our organisation at a heart warming ceremony in Kagyu Samye Dzong London in June 2001.','L','Gelongma Zangmo'),(10,'Ven. Lama Yeshe Losal was born in 1943 in Kham, East Tibet. Rokpa Trust has many parts including Samye Ling, The Holy Island Project and numerous charitable projects both at home and overseas. Lama Yeshe Losal is the Trust\'s indefatigable Chairman whose energy and inspiration fuel its far-reaching activites, which benefit so many people.',21,'C','Ven. Lama Yeshe Losal was born in 1943 in Kham, East Tibet. He spent his formative years in education at Dolma Lhakang Monastery where his brother Dr. Akong Tulku Rinpoche was Abbot. After escaping from Tibet in 1959, Lama Yeshe continued his education at the Young Lamas Home School in Dalhousie, India before leaving in 1967 to serve as Private Secretary to His Holiness the 16th Gyalwa Karmapa at Rumtek Monastery in Sikkim.\r\n\r\nIn 1969, Lama Yeshe joined Dr. Akong Tulku Rinpoche and Chogyam Trungpa Rinpoche in Scotland where they had founded Kagyu Samye Ling. Five years later he accompanied H.H. Karmapa on a tour of the United States. At this time, he and Lama Tenzin Chonyi were asked to establish and run Karma Triyana Dharmachakra Centre in Woodstock, New York, which is H.H. Karmapa\'s main seat in America.\r\n\r\nIn 1980 he took full ordination as a Gelong monk from His Holiness. Following his ordination Lama Yeshe entered a long-term solitary retreat. In 1985, at the request of his brother Dr. Akong Tulku Rinpoche, Lama Yeshe returned to Scotland to continue his retreat at Samye Ling and in 1988 became Retreat Master with responsibility for the western practitioners who were in the cloistered four year retreat.\r\n\r\nDespite his heartfelt wish to remain in retreat for twenty years, towards the end of 1991 Lama Yeshe was asked to take responsibility for the running of Kayu Samye Ling and the Holy Island Project which he consented to do and took on with characteristic vigour and determination. Lama Yeshe\'s vision of building an Interfaith Retreat Centre on Holy Island where people of all beliefs can come together to develop themselves physically, mentally and spiritually has inspired numerous people. Many visit Holy Island to benefit from the pure and natural environment and to restore themselves and others come to stay and work, giving their time voluntarily to further this most precious and unique project.\r\n\r\nKagyu Samye Ling also continues to attract thousands of visitors each year who come to view the beautiful temple and grounds or to attend one of the many courses on offer. Under Lama Yeshe\'s guidance, the number of resident ordained sangha has grown to more than 40 monks and nuns and in 1995 the title of \"Abbot\" was conferred upon him by Khentin Tai Situpa.\r\n\r\nRokpa Trust has many parts including Samye Ling, The Holy Island Project and numerous charitable projects both at home and overseas. Lama Yeshe Losal is the Trust\'s indefatigable Chairman whose energy and inspiration fuel its far-reaching activites, which benefit so many people.','L','Yeshe Losal Rinpoche'),(11,'Dr. Akong Tulku Rinpoche was born in 1939 near Riwoche in Kham, Eastern Tibet. His spiritual training as a holder of the Kagyu lineage was  completed under the guidance of HH the 16th Gyalwa Karmapa, who also certified him as a teacher of Tibetan medicine. Rinpoche also holds many lineages of the Nyingmapa tradition.',19,'C','Dr. Akong Tulku Rinpoche was born in 1939 near Riwoche in Kham, Eastern Tibet. At a very young age, he was discovered and identified as the reincarnation of the first Akong, Abbot of Dolma Lhakang monastery in the Chamdo area of Kham. His religious training began here, and he also undertook training in traditional Tibetan medicine. He later went to the monastic university of Sechen, where he received transmission of the quintessential mahamudra Kagyu Buddhist lineage from Sechen Kongtrul Rinpoche.\r\n\r\nHis spiritual training as a holder of the Kagyu lineage was further completed under the guidance of HH the 16th Gyalwa Karmapa, who also certified him as a teacher of Tibetan medicine. Rinpoche also holds many lineages of the Nyingmapa tradition.\r\n\r\nThe 1959 takeover of Tibet caused him to flee to India, in an arduous, nine month journey through Tibet and over the Himalayas. After spending some time in refugee camps, he was asked, along with some other lamas, to look after the Young Lamas Home School in Dalhousie, India, a post he held for three years. In 1963, he and Trungpa Tulku sailed to England to learn English in Oxford. Only the latter had a bursary and Akong Rinpoche worked for some years as a simple hospital orderly, supporting himself, Trungpa Rinpoche and Tulku Chime of Benchen Monastery in the small apartment they shared.\r\n\r\nIn 1967, Akong Rinpoche and Trungpa Rinpoche founded Kagyu Samye Ling Tibetan Centre, the first Tibetan Buddhist Centre to be built in the West and to introduce the religion and some aspects of its culture to the western community. Visited by people from all over the world, Akong Rinpoche made it first and foremost a place of peace and spirituality, with a strong emphasis on active, selfless compassion, open to anyone of any faith. In response to a growing demand for specific teachings from the Kagyu traditions, he invited many great scholars and meditation masters to Scotland, culminating in the visit in 1975 and 1977 of HH the 16th Gyalwa Karmapa. Under the Karmapa\'s guidance, Rinpoche established a traditional 3-year 3 month meditation retreat at Samye Ling and launched the construction of a major Tibetan Buddhist temple and accompanying College, Library and Museum. Later, reflecting the closeness of his relationship with his guru, in 1994 Akong Rinpoche played an important role in discovering the reincarnation of the 16th Gyalwa Karmapa and in arranging the visits of the two Regents to meet the new Karmapa.\r\n\r\nDuring this period of Samye Ling\'s development, various satellite centres and activities came into being in Belgium, Spain, Ireland, South Africa, Zimbabwe and the UK. On another front, the interest which many therapists and physicians showed in Dr Akong Tulku\'s medicinal and therapeutic Buddhist skills led to the development of a unique therapy system, now thriving as Tara Rokpa Therapy.\r\n\r\nIn the 1990s, Akong Rinpoche continued to expand his humanitarian activities, principally in Tibet and Nepal, but also in Europe, where he created several soup kitchens to feed the homeless. He has brought well over 100 projects into existence in regions of Tibet and he continues this work to date with tremendous vigour and diligence.','V','Choje Akong Rinpoche'),(12,'His Holiness the 17th Gyalwa Karmapa, Orgyen Trinley Dorje, has been living at Tsurphu monastery in Tibet since his enthronement in 1992. In January 2000 he arrived in Dharamsala, India, the main seat of the Dalai Lama in exile, after fleeing over the mountains with a small group of attendants. His arrival has brought great joy to his followers worldwide, who are now able to receive his teachings, guidance and blessings.',20,'L','The Kagyu tradition is one of the four main schools of Tibetan Buddhism. It is reknowned for its emphasis on meditation as embodied by such great masters as Marpa, Milarepa and Gampopa, whose example inspired people throughout Tibet.\r\n\r\nThe supreme head of the Kagyu lineage is the Karmapa.\r\n\r\nThe Karmapas have been the supreme heads of the Kagyu lineage of Tibetan Buddhism since the first Karmapa, Dusum Khyenpa, in the 12th century. Historically, Dusum Khyenpa was the first Lama recognised to intentionally reincarnate as a particular master.\r\n\r\nIn all of his successive incarnations, the Karmapa has served as the primary source of refuge for all the followers of the Karma Kagyu Lineage. As the central teacher of the Kagyu lineage, he ensures that the teachings are transmitted in their entirety and preserved for future generations. The Karmapa is an extraordinary individual, whose life itself may be seen as a profound teaching. He clearly manifests the potential inherent in all living beings to fully develop the qualities of perfect wisdom, unconditional love and all-pervasive compassion.\r\n\r\nHis Holiness the 17th Gyalwa Karmapa, Orgyen Trinley Dorje, has been living at Tsurphu monastery in Tibet since his enthronement in 1992. In January 2000 he arrived in Dharamsala, India, the main seat of the Dalai Lama in exile, after fleeing over the mountains with a small group of attendants. His arrival has brought great joy to his followers worldwide, who are now able to receive his teachings, guidance and blessings.','HH','17th Gyalwa Karmapa'),(13,'Kagyu Samye Dzong London Tibetan Buddhist Centre opened in April 1998 and provides peace and tranquillity for all at its two centres in central London. We run a programme of courses and workshops focusing on meditation, Buddhism, and holistic therapies. We also provide venues for community activities and alternative practitioners. \r\n\r\nKagyu Samye Dzong London is a branch of Kagyu Samye Ling Monastery in Scotland and Rokpa Trust, which has branches worldwide under the direct guidance of Choje Akong Tulku Rinpoche and Venerable Lama Yeshe Losal Rinpoche. Lama Zangmo is the resident lama and teacher of the London branch. \r\n\r\nKagyu Samye Dzong London offers a constant programme of meditation retreats, meditation classes and courses in Buddhism, along with courses in Tibetan language, artclasses and Tai Chi. We have a small shop offering a variety of related items, such as a selection of Buddhist books, incense, meditation cushions, statues and malas, and a comfortable reading library with a wide selection of Buddhist books from all traditions. A qualified Tibetan doctor holds regular clinics where patients can receive treatment with traditional Tibetan medicine.',17,'C','','U','Community'),(14,'To be filled in.........',NULL,'O','','M','Carl Miller'),(15,'To be filled in....',29,'O','','MZ','Ginny Stuart'),(16,'To be filled in......',NULL,'O','','U','Rey Bowen'),(21,'To be filled in',NULL,'O','','U','Tetsudo Group Leader'),(37,'Clive Holmes',NULL,'V','xxx','U','Clive Holmes'),(44,'Anne Overzee is a long-term meditation practitioner. She is also an experienced psychotherapist working with mindfulness-based meditation techniques within the framework of traditional psychotherapy.',NULL,'V','','U','Anne Overzee'),(48,'Close student of HH 17th Karmapa, the 12th Tai Situ Rinpoche and Thrangu Rinpoche',36,'L','Drupon Rinpoche, also known as Khenpo Lhabu, has spent much time in retreat and has received teachings from HH 17th Karmapa, the 12th Tai Situ Rinpoche and Thrangu Rinpoche. The latter asked Drupon Rinpoche to become retreat master for the traditional retreat at the site of Milarepas cave in Nepal in 2004. ','R','Drupon Rinpoche Khenpo Lhabu'),(54,'Dr. Soktsang is highly experienced in the field of Traditional Tibetan Medicine, having studied and practised over the past twenty years.',37,'V','Dr Soktsang commenced his studies in Tibet for a period of five years under the guidance of an uncle, who was also a doctor. This enabled him to enter the Central Medical Institute for Traditional Tibetan Medicine in Lhasa, where he studied for a further five years until he graduated with the MEN-RAMPA, (Tib.) or Masters Degree of Tibetan Medicine. After graduating, he went to work at the Lhasa Mentse Khang Hospital, the premier centre of excellence of Traditional Tibetan Medicine.\r\n\r\nDuring his period there he received further teaching, instruction and transmissions from various famous Tibetan doctors, in particular from the most eminent Professor, KHENPO TSENAM, regarded by many as the greatest living practitioner and teacher in the field of Tibetan Medicine.\r\n\r\nHaving moved to India, Dr. Soktsang has not only worked at the Tibetan Medical and Astrological Institute at Dharamsala, and also at various other Centres around India, Ladakh; Shillong; Belakopi and Orrisa. Having worked in Orissa for the customary one year contract, he was particularly requested by the local people to stay on for a further period. Due to the difficult climatic conditions of that part of India, Orissa is known to be a very challenging area to work in, having as it does high levels of poverty and malaria.\r\n\r\nHe became the founder and Chief Medical Officer of the Mentse Khang Medical Institute of Orissa, India; where the Institute and his work serve the whole community.\r\n\r\nNot only is Dr. Soktsang experienced in Tibetan Medicine, but he is also a qualified practitioner of Acupuncture. He was one of the major speakers in the year 2000 at the Annual Medical Conference of Tibetan Medicine, held in Dharamsala, which is attended by Tibetan doctors from all over India and Asia. The particular theme of that conference was Diabetes.','U','Dr Soktsang Tibetan Doctor');
/*!40000 ALTER TABLE `teacher` ENABLE KEYS */;
UNLOCK TABLES;

--
-- Table structure for table `telephone`
--

DROP TABLE IF EXISTS `telephone`;
SET @saved_cs_client     = @@character_set_client;
SET character_set_client = utf8;
CREATE TABLE `telephone` (
  `id` bigint(20) NOT NULL,
  `number` varchar(255) default NULL,
  `type` varchar(6) default NULL,
  PRIMARY KEY  (`id`)
) ENGINE=MyISAM DEFAULT CHARSET=utf8;
SET character_set_client = @saved_cs_client;

--
-- Dumping data for table `telephone`
--

LOCK TABLES `telephone` WRITE;
/*!40000 ALTER TABLE `telephone` DISABLE KEYS */;
/*!40000 ALTER TABLE `telephone` ENABLE KEYS */;
UNLOCK TABLES;

--
-- Table structure for table `transport`
--

DROP TABLE IF EXISTS `transport`;
SET @saved_cs_client     = @@character_set_client;
SET character_set_client = utf8;
CREATE TABLE `transport` (
  `id` bigint(20) NOT NULL auto_increment,
  `version` bigint(20) NOT NULL,
  `description` varchar(255) NOT NULL,
  PRIMARY KEY  (`id`)
) ENGINE=MyISAM DEFAULT CHARSET=utf8;
SET character_set_client = @saved_cs_client;

--
-- Dumping data for table `transport`
--

LOCK TABLES `transport` WRITE;
/*!40000 ALTER TABLE `transport` DISABLE KEYS */;
/*!40000 ALTER TABLE `transport` ENABLE KEYS */;
UNLOCK TABLES;

--
-- Table structure for table `ufile`
--

DROP TABLE IF EXISTS `ufile`;
SET @saved_cs_client     = @@character_set_client;
SET character_set_client = utf8;
CREATE TABLE `ufile` (
  `id` bigint(20) NOT NULL auto_increment,
  `version` bigint(20) NOT NULL,
  `extension` varchar(255) NOT NULL,
  `name` varchar(255) NOT NULL,
  `path` varchar(255) NOT NULL,
  `date_uploaded` datetime NOT NULL,
  `downloads` int(11) NOT NULL,
  `size` bigint(20) NOT NULL,
  PRIMARY KEY  (`id`)
) ENGINE=MyISAM AUTO_INCREMENT=3 DEFAULT CHARSET=utf8;
SET character_set_client = @saved_cs_client;

--
-- Dumping data for table `ufile`
--

LOCK TABLES `ufile` WRITE;
/*!40000 ALTER TABLE `ufile` DISABLE KEYS */;
INSERT INTO `ufile` VALUES (1,0,'zip','Archive.zip','/tmp/docs/1276285899645/Archive.zip','2010-06-11 20:51:39',0,6623),(2,0,'zip','Simple.zip','/tmp/docs/1276543388931/Simple.zip','2010-06-14 20:23:08',0,7146);
/*!40000 ALTER TABLE `ufile` ENABLE KEYS */;
UNLOCK TABLES;

--
-- Table structure for table `venue`
--

DROP TABLE IF EXISTS `venue`;
SET @saved_cs_client     = @@character_set_client;
SET character_set_client = utf8;
CREATE TABLE `venue` (
  `id` bigint(20) NOT NULL,
  `image_id` bigint(20) default NULL,
  `access` varchar(255) default NULL,
  `description` varchar(32000) default NULL,
  `name` varchar(512) default NULL,
  `facilities` varchar(255) default NULL,
  PRIMARY KEY  (`id`),
  KEY `FK6AE6A6FB776D63` (`image_id`)
) ENGINE=MyISAM DEFAULT CHARSET=utf8;
SET character_set_client = @saved_cs_client;

--
-- Dumping data for table `venue`
--

LOCK TABLES `venue` WRITE;
/*!40000 ALTER TABLE `venue` DISABLE KEYS */;
INSERT INTO `venue` VALUES (1,NULL,'','','Manor Place',''),(2,NULL,'','','Spa Road','');
/*!40000 ALTER TABLE `venue` ENABLE KEYS */;
UNLOCK TABLES;

--
-- Table structure for table `venue_address`
--

DROP TABLE IF EXISTS `venue_address`;
SET @saved_cs_client     = @@character_set_client;
SET character_set_client = utf8;
CREATE TABLE `venue_address` (
  `id` bigint(20) NOT NULL,
  PRIMARY KEY  (`id`)
) ENGINE=MyISAM DEFAULT CHARSET=utf8;
SET character_set_client = @saved_cs_client;

--
-- Dumping data for table `venue_address`
--

LOCK TABLES `venue_address` WRITE;
/*!40000 ALTER TABLE `venue_address` DISABLE KEYS */;
/*!40000 ALTER TABLE `venue_address` ENABLE KEYS */;
UNLOCK TABLES;

--
-- Table structure for table `venue_email`
--

DROP TABLE IF EXISTS `venue_email`;
SET @saved_cs_client     = @@character_set_client;
SET character_set_client = utf8;
CREATE TABLE `venue_email` (
  `id` bigint(20) NOT NULL,
  PRIMARY KEY  (`id`)
) ENGINE=MyISAM DEFAULT CHARSET=utf8;
SET character_set_client = @saved_cs_client;

--
-- Dumping data for table `venue_email`
--

LOCK TABLES `venue_email` WRITE;
/*!40000 ALTER TABLE `venue_email` DISABLE KEYS */;
/*!40000 ALTER TABLE `venue_email` ENABLE KEYS */;
UNLOCK TABLES;

--
-- Table structure for table `venue_room`
--

DROP TABLE IF EXISTS `venue_room`;
SET @saved_cs_client     = @@character_set_client;
SET character_set_client = utf8;
CREATE TABLE `venue_room` (
  `venue_rooms_id` bigint(20) default NULL,
  `room_id` bigint(20) default NULL,
  KEY `FK9A9DFCAB7B485186` (`room_id`),
  KEY `FK9A9DFCABE524B5D5` (`venue_rooms_id`)
) ENGINE=MyISAM DEFAULT CHARSET=utf8;
SET character_set_client = @saved_cs_client;

--
-- Dumping data for table `venue_room`
--

LOCK TABLES `venue_room` WRITE;
/*!40000 ALTER TABLE `venue_room` DISABLE KEYS */;
/*!40000 ALTER TABLE `venue_room` ENABLE KEYS */;
UNLOCK TABLES;

--
-- Table structure for table `venue_telephone`
--

DROP TABLE IF EXISTS `venue_telephone`;
SET @saved_cs_client     = @@character_set_client;
SET character_set_client = utf8;
CREATE TABLE `venue_telephone` (
  `id` bigint(20) NOT NULL,
  PRIMARY KEY  (`id`)
) ENGINE=MyISAM DEFAULT CHARSET=utf8;
SET character_set_client = @saved_cs_client;

--
-- Dumping data for table `venue_telephone`
--

LOCK TABLES `venue_telephone` WRITE;
/*!40000 ALTER TABLE `venue_telephone` DISABLE KEYS */;
/*!40000 ALTER TABLE `venue_telephone` ENABLE KEYS */;
UNLOCK TABLES;

--
-- Dumping routines for database 'londonsamyedzong'
--
DELIMITER ;;
DELIMITER ;
/*!40103 SET TIME_ZONE=@OLD_TIME_ZONE */;

/*!40101 SET SQL_MODE=@OLD_SQL_MODE */;
/*!40014 SET FOREIGN_KEY_CHECKS=@OLD_FOREIGN_KEY_CHECKS */;
/*!40014 SET UNIQUE_CHECKS=@OLD_UNIQUE_CHECKS */;
/*!40101 SET CHARACTER_SET_CLIENT=@OLD_CHARACTER_SET_CLIENT */;
/*!40101 SET CHARACTER_SET_RESULTS=@OLD_CHARACTER_SET_RESULTS */;
/*!40101 SET COLLATION_CONNECTION=@OLD_COLLATION_CONNECTION */;
/*!40111 SET SQL_NOTES=@OLD_SQL_NOTES */;

-- Dump completed on 2010-06-19 14:01:57
